lat;lon;escola;logradouro;num;cidade;cod
-5.70602080;-35.30667990;CENTRO DE EDUCACAO PROFISSIONAL E AMBIENTAL ESCOLA DAS DUNAS;RUA ZEFERINA LOPES;18;EXTREMOZ - RN;4
-5.7042810;-35.29062230;ESCOLA ESTADUAL ALMIRANTE TAMANDARE;R ALM NEWTON BRAGA DE FARIAS;145;EXTREMOZ - RN;5
-5.70602080;-35.30667990;ESCOLA ESTADUAL FELIPE CAMARAO;RUA CAPITAO FRANCISCO PEREIRA;239;EXTREMOZ - RN;6
-5.85823860;-35.34256250;ESCOLA ESTADUAL  ARCELINA FERNANDES;R DR PEDRO MATOS;443;MACAIBA - RN;16
-5.85775750;-35.35204060;ESCOLA ESTADUAL  AUTA DE SOUZA;TRAVESSA CORONEL AURELIANO;13;MACAIBA - RN;17
-5.86006190;-35.34983030;ESCOLA ESTADUAL  HENRIQUE CASTRICIANO DE SOUZA;R JOAO SANTIAGO DE OLIVEIRA;1;MACAIBA - RN;19
-5.84768910;-35.3710770;ESCOLA ESTADUAL  MARIA EMILIA DUARTE PEREIRA;RUA OLIMPIO MACIEL;889;MACAIBA - RN;20
-5.85900630;-35.34825280;ESCOLA ESTADUAL  PROFESSOR PAULO NOBRE;R PROFº CAETANO;400;MACAIBA - RN;22
-5.85950640;-35.34884490;ESCOLA ESTADUAL  DOUTOR SEVERIANO;R DR HERACLITO VILAR;100;MACAIBA - RN;23
-5.80256230;-35.21644740;ESCOLA ESTADUAL CASA DO MENOR TRABALHADOR;PRES JOSE BENTO;927;NATAL - RN;26
-5.78511810;-35.19997680;CENTRO DE EDUCACAO DE JOVENS E ADULTOS PROFESSOR FELIPE GUERRA;RUA TRAIRI;406;NATAL - RN;27
-5.79118740;-35.2012290;COL EST DO ATHENEU NORTE RIOGRANDENSE;AV CAMPOS SALES;393;NATAL - RN;29
-5.81268140;-35.22477470;ESCOLA ESTADUAL AMBULATORIO MATIAS MOREIRA;R PROFA JOSEFA BOTELHO;220;NATAL - RN;30
-5.81168970;-35.20172630;ESCOLA ESTADUAL AMBULATORIO PADRE JOAO MARIA;RUA AMARO MESQUITA;20;NATAL - RN;31
-5.83472160;-35.26720990;ESCOLA ESTADUAL UNIAO;RUA PROFESSOR COUTINHO;679;NATAL - RN;32
-5.80055370;-35.23794080;ESCOLA ESTADUAL CONEGO MONTE;AV BERNARDO VIEIRA;130;NATAL - RN;33
-5.82901770;-35.24865650;ESCOLA ESTADUAL EURIPEDES BARSANULFO;RUA SAO BENEDITO;377;NATAL - RN;34
-5.786167799999999;-35.20065690;ESCOLA ESTADUAL AUGUSTO SEVERO;RUA MIPIBU;449;NATAL - RN;38
-5.80100180;-35.23004280;ESCOLA ESTADUAL DOUTOR GRACILIANO LORDAO;RUA DOS PEGAS;531;NATAL - RN;48
-5.79863650;-35.2019050;ESCOLA ESTADUAL DOUTOR MANOEL DANTAS;R ALBERTO MARANHAO;892;NATAL - RN;50
-5.81520970;-35.23120910;ESCOLA ESTADUAL DOUTOR MANOEL VILLACA;RUA MIGUEL CASTRO;133;NATAL - RN;51
-5.7985490;-35.23711760;ESCOLA ESTADUAL FELIZARDO MOURA;RUA MARIO NEGOCIO;2084;NATAL - RN;52
-5.80910690;-35.19600710;ESCOLA ESTADUAL GENERAL ANTONIO VISINGTAINER SANTOS ROCHA;TRAV TEN CERQUEIRA;6;NATAL - RN;54
-5.88439850;-35.17086240;ESCOLA ESTADUAL JERONIMO DE ALBUQUERQUE;R MANOEL CORINGA DE LEMOS;70;NATAL - RN;59
-5.79783440;-35.20904489999999;ESCOLA ESTADUAL JERONIMO GUEIROS;RUA ANTONIO DE MELO;1250;NATAL - RN;60
-5.80259840;-35.20691040;ESCOLA ESTADUAL MASCARENHAS HOMEM;AV PRUDENTE DE MORAIS;2794;NATAL - RN;64
-5.79284320;-35.19047470;ESCOLA ESTADUAL MONSENHOR ALFREDO PEGADO;AV JOAO XXIII;603;NATAL - RN;65
-5.78827560;-35.21398280;ESCOLA ESTADUAL PASSO DA PATRIA;RUA OCIDENTAL DE BAIXO;338;NATAL - RN;68
-5.78495120;-35.1934270;ESCOLA ESTADUAL  PEDRO MENDES GOUVEIA;RUA MAJOR AFONSO MAGALHAES,;111;NATAL - RN;69
-5.82608980;-35.20996050;ESCOLA ESTADUAL PRESIDENTE CAFE FILHO;RUA CEL NORTON CHAVES;4;NATAL - RN;70
-5.785343699999999;-35.1993940;ESCOLA ESTADUAL PROFESSOR ANISIO TEIXEIRA;RUA TRAIRI;480;NATAL - RN;72
-5.806928099999999;-35.20422480;ESCOLA ESTADUAL PROFESSOR BARTOLOMEU FAGUNDES;AV ALEXANDRINO DE ALENCAR;1247;NATAL - RN;73
-5.797963699999999;-35.21724940;ESCOLA ESTADUAL PROFESSOR JOAO TIBURCIO;RUA PRESIDENTE BANDEIRA;536;NATAL - RN;76
-5.794478499999999;-35.21095310;ESCOLA ESTADUAL PROFESSORA JOSEFA SAMPAIO;RUA PROFESSOR JOSE MELQUIADES;18;NATAL - RN;80
-5.808571562791829;-35.23648335165103;ESCOLA ESTADUAL  PROFESSORA MARIA ILKA DE MOURA;RUA MANOEL MIRANDA;2758;NATAL - RN;85
-5.808982599999999;-35.22224420;ESCOLA ESTADUAL  PROFESSORA MARIA LIDIA;R BARAUNA;888;NATAL - RN;86
-5.80060680;-35.22977850;ESCOLA ESTADUAL  PROFESSOR THEODULO CAMARA;RUA SAO GERALDO;85;NATAL - RN;91
-5.7742520;-35.19544610;ESCOLA ESTADUAL  PROFESSORA OLDA MARINHO;AVENIDA 25 DE DEZEMBRO;14;NATAL - RN;92
-5.80690260;-35.23549210;ESCOLA ESTADUAL ROTARY;RUA DOS PAIATIS;2004;NATAL - RN;94
-5.79293710;-35.18685640;ESCOLA ESTADUAL SELVA CAPISTRANO LOPES;RUA GUANABARA;880;NATAL - RN;96
-5.81392230;-35.22687579999999;ESCOLA ESTADUAL SOLDADO LUIZ GONZAGA;AV. AMINTAS BARROS;1198;NATAL - RN;98
-5.78468510;-35.20624360;ESCOLA ESTADUAL WINSTON CHURCHILL;AV RIO BRANCO;500;NATAL - RN;104
-5.782049199999999;-35.20669940;ESCOLA ESTADUAL  PROFESSOR ULISSES DE GOIS;AV CAMARA CASCUDO;390;NATAL - RN;105
-5.79305950;-35.21439220;INST PE MIGUELINHO;R FONSECA E SILVA;1103;NATAL - RN;107
-5.74686940;-35.26030680;ESCOLA ESTADUAL 15 DE OUTUBRO;AV. DAS FRONTEIRAS;3142;NATAL - RN;108
-5.74731520;-35.2447810;ESCOLA ESTADUAL DOM JOSE ADELINO DANTAS;RUA BRAGANTINA;139;NATAL - RN;112
-5.794478499999999;-35.21095310;ESCOLA ESTADUAL  POTIGUASSU;PRACA SAO VICENTE DE PAULA;77;NATAL - RN;117
-5.746867700000001;-35.26030780;ESCOLA ESTADUAL PROFESSOR ANTONIO FAGUNDES;AV DAS FRONTEIRAS;2295;NATAL - RN;118
-5.7526690;-35.20330340;ESCOLA ESTADUAL PROFESSORA LEONOR LIMA;AVENIDA FRANCISCO IVO;196;NATAL - RN;125
-5.8185143;-35.2183928;ESCOLA ESTADUAL PRESIDENTE KENNEDY;RUA JAGUARARI;2100;NATAL - RN;131
-5.82744950;-35.20259970;ESCOLA ESTADUAL HEGESIPPO REIS;RUA CLAUDIONOR FIGUEIREDO;405;NATAL - RN;133
-5.794478499999999;-35.21095310;ESCOLA ESTADUAL IRMA SCHEILLA;RUA INDUSTRIAL JOAO FRANCISCO DA MOTA;2000;NATAL - RN;134
-5.821038499999999;-35.25896810;ESCOLA ESTADUAL CLARA CAMARAO;RUA ITAMAR MACIEL;37;NATAL - RN;139
-5.813407199999999;-35.20527060;CE DE CAPACITACAO DE ED E ATEN SURDO - CAS;RUA AMARO MESQUITA;20;NATAL - RN;141
-5.785343699999999;-35.1993940;CE EDUC PROFIS SEN JESSE PINTO FREIRE - CENEP;RUA TRAIRI;480;NATAL - RN;144
-5.7934473241887865;-35.32907364180301;ESCOLA ESTADUAL DOUTOR OTAVIANO;PC SEN DINARTE MARIZ;92;SAO GONCALO DO AMARANTE - RN;147
-5.776557310212229;-35.26090397591861;ESCOLA ESTADUAL PADRE HUDSON BRANDAO;RUA SAO JOAO;468;SAO GONCALO DO AMARANTE - RN;151
-5.769156468629065;-35.27619934563597;ESCOLA ESTADUAL JOSE VIEIRA;RUA NOVA ARUEIRA;19;SAO GONCALO DO AMARANTE - RN;154
-5.783457244366789;-35.32878004423219;ESCOLA ESTADUAL VEREADOR JOSE MOACIR DE OLIVEIRA;RUA JOAO PAULO VI;16;SAO GONCALO DO AMARANTE - RN;155
-6.19496240;-35.1601980;ESCOLA ESTADUAL JACUMAUMA;RUA LEONIDAS DE PAULA;251;AREZ - RN;158
-6.373011699999999;-35.00944890;ESCOLA ESTADUAL PROFESSOR PAULO FREIRE;RUA JOSE SEVERINO MARQUES;1;BAIA FORMOSA - RN;160
-6.38285370;-35.12485680;ESCOLA ESTADUAL 4 DE MARCO;R JOAQUIM MANOEL;47;CANGUARETAMA - RN;163
-6.38285370;-35.12485680;ESCOLA ESTADUAL GUIOMAR VASCONCELOS;AV.JOAO GOMES DE TORRES;403;CANGUARETAMA - RN;165
-6.26891590;-35.20903140;ESCOLA ESTADUAL JOAO TIBURCIO;RUA JOAO TIBURCIO;360;GOIANINHA - RN;166
-6.26891590;-35.20903140;ESCOLA ESTADUAL MOREIRA BRANDAO;RUA DR. JOAO PRIMENIO;119;GOIANINHA - RN;167
-5.883332999999999;-36.30;ESCOLA ESTADUAL  VEREADOR ANTONIO ANANIAS;RUA TEREZA NUNES;146;MONTE ALEGRE - RN;169
-6.093588599999999;-35.21036330;ESCOLA ESTADUAL NISIA FLORESTA;R PADRE JOSE HERMINIO;60;NISIA FLORESTA - RN;180
-6.093588599999999;-35.21036330;ESCOLA ESTADUAL PROFESSOR MANOEL LAURENTINO;RUA AGNELO XAVIE;62;NISIA FLORESTA - RN;181
-5.9245347;-35.2825388;CE TRAMPOLIM DA VITORIA;RUA JOEL IMPERADOR;1015;PARNAMIRIM - RN;184
-5.9269383;-35.26077660000001;ESCOLA ESTADUAL MARIA CRISTINA;R MANOEL COSTA;455;PARNAMIRIM - RN;186
-5.9134002;-35.27304609999999;ESCOLA ESTADUAL PRESIDENTE ROOSEVELT;RUA EDGAR DANTAS;7;PARNAMIRIM - RN;187
-5.9235891;-35.26015659999999;ESCOLA ESTADUAL PROFESSOR ELIAH MAIA DO REGO;BRIGADEIRO SOUTO;51;PARNAMIRIM - RN;190
-6.05482070;-35.23805810;EE LARANJEIRAS DO ABDIAS - ENSINO MEDIO;RUA SAO JOSE;406;SAO JOSE DE MIPIBU - RN;195
-6.07294940;-35.29307860;EE BARAO DE MIPIBU - ENSINO FUNDAMENTAL;PCA CAP JOSE DA PENHA;56;SAO JOSE DE MIPIBU - RN;200
-6.06023310;-35.24053960;EE PROF. RAFAEL GARCIA ENSINO FUNDAMENTAL;R GOV RAFAEL FERNANDES;660;SAO JOSE DE MIPIBU - RN;203
-6.162030199999999;-35.12635970;ESCOLA ESTADUAL JOSE ALVES ACIOLE;RUA SANTA LUZIA;355;SENADOR GEORGINO AVELINO - RN;204
-6.189680399999999;-35.09151940;ESCOLA ESTADUAL PROFESSOR JOSE MAMEDE;R PRES JUSCELINO KUBISTCHEK;173;TIBAU DO SUL - RN;207
-6.04414510;-35.4283260;ESCOLA ESTADUAL MONSENHOR PAIVA;PRACA 31 DE MARCO;111;VERA CRUZ - RN;209
-6.19119420;-35.35782650;ESCOLA ESTADUAL PRESIDENTE CAFE FILHO;AV ANTONIO ALVES PESSOA;418;BREJINHO - RN;212
-6.33448430;-35.30927130;EE PROF JOAO MARIA DIAS;RUA MANOEL THEODORO FREIRE;69;ESPIRITO SANTO - RN;215
-6.33448430;-35.30927130;EE JOAQUIM DA LUZ ENS 1 E 2 GRAUS;ALTO SAO JOSE;149;ESPIRITO SANTO - RN;216
-6.15578980;-35.60129340;ESCOLA ESTADUAL MARIA DO ROSARIO BEZERRA;AV. MANOEL JOAQUIM DE SOUZA;371;BOA SAUDE - RN;217
-6.485311299999999;-35.28638820;ESCOLA ESTADUAL  CARLOS GOMES;R S JOSE;101;MONTANHAS - RN;225
-6.485311299999999;-35.28638820;ESCOLA ESTADUAL  PROFESSORA OCILA BEZERRIL;RUA SAO JOSE;449;MONTANHAS - RN;226
-6.43910570;-35.7820280;ESCOLA ESTADUAL  FELISMINO JOSE DA COSTA;RUA JUSTINIANO DA COSTA;198;MONTE DAS GAMELEIRAS - RN;227
-6.479258199999999;-35.43483930;ESCOLA ESTADUAL  DJALMA MARINHO;RUA ASSIS CHATEAUBRIAND;1500;NOVA CRUZ - RN;232
-6.4792580;-35.4348390;ESCOLA ESTADUAL  PRESIDENTE GETULIO VARGAS;RUA SENADOR GEORGINO AVELINO;348;NOVA CRUZ - RN;233
-6.479258199999999;-35.43483930;ESCOLA ESTADUAL  PROFESSORA FIRMA FRANCELINA DE OLIVEIRA;RUA JORGE FELIPE DA SILVA;71;NOVA CRUZ - RN;234
-6.479258199999999;-35.43483930;ESCOLA ESTADUAL  ROSA PIGNATARO;RUA PROF. REGINALDO DE OLIVEIRA;250;NOVA CRUZ - RN;235
-6.479258199999999;-35.43483930;ESCOLA ESTADUAL  SANTA LUZIA;RUA DR GALDINO LIMA;224;NOVA CRUZ - RN;236
-6.43625680;-35.64291990;ESCOLA ESTADUAL  DEPUTADO DJALMA ARANHA MARINHO;RUA JOAO FERNANDES SOBRINHO;135;PASSA E FICA - RN;238
-6.43625680;-35.64291990;ESCOLA ESTADUAL SENADOR JOAO CAMARA;RUA ANTONIO ARRUDA CAMARA;1347;PASSA E FICA - RN;239
-6.439693999999999;-35.22190160;ESCOLA ESTADUAL PROFESSORA MARIA OCILA BEZERRIL;AV. PROF. GENAR BEZERRIL;484;PEDRO VELHO - RN;243
-6.439693999999999;-35.22190160;ESCOLA ESTADUAL DOUTOR PEDRO VELHO;AV. PROFESSOR GENAR BEZERRIL;1450;PEDRO VELHO - RN;244
-6.439693999999999;-35.22190160;ESCOLA ESTADUAL FABRICIO MARANHAO;RUA JOAO PESSOA;110;PEDRO VELHO - RN;245
-5.897780;-37.5065690;EE DR MANOEL DANTAS ENS 1 GRAU;AVENIDA LINDOLFO GOMES VIDAL;376;SANTO ANTONIO - RN;248
-5.897780;-37.5065690;EE FILOMENA DE AZEVEDO;AV DR. PEDRO VELHO;152;SANTO ANTONIO - RN;249
-6.312358799999999;-35.71514040;EE BELMIRA LARA;RUA SENADOR GEORGINO AVELINO;720;SAO JOSE DO CAMPESTRE - RN;253
-6.312358799999999;-35.71514040;EE PADRE TOMAZ DE AQUINO ENS 1 GRAU;R SENADOR JOAO CAMARA;275;SAO JOSE DO CAMPESTRE - RN;255
-6.27846970;-35.49948770;ESCOLA ESTADUAL DOMITILA NORONHA;RUA JOSE CORREIA DE ANDRADE;36;SERRINHA - RN;258
-6.348174299999999;-35.37629580;ESCOLA ESTADUAL DOM JOAQUIM DE ALMEIDA;RUA D JOAQUIM DE ALMEIDA;4;VARZEA - RN;259
-5.95106720;-35.92064280;ESCOLA ESTADUAL PROFESSOR TERTULIANO PINHEIRO FILHO;PCA FRANCISCO OSVALDO DA ROCHA;70;BARCELONA - RN;260
-5.4333330;-36.6500001;ESCOLA ESTADUAL JOAO ALVES DE MELO;RUA MANOEL ANDRADE;84;BOM JESUS - RN;261
-5.984823599999999;-35.58398720;ESCOLA ESTADUAL NATALIA FONSECA;R ALMIR FREIRE;460;BOM JESUS - RN;262
-5.76032680;-35.99854230;ESCOLA ESTADUAL 7 DE SETEMBRO;PRACA JOSE VITORINO DE ANDRADE;53;CAICARA DO RIO DO VENTO - RN;263
-5.81109140;-35.55269780;ESCOLA ESTADUAL IELMO MARINHO;RUA JOSE CAMILO BEZERRA;271;IELMO MARINHO - RN;267
-6.00711760;-35.85778540;ESCOLA ESTADUAL PREFEITO JOAO EVANGELISTA;RUA JOSE ANTONIO DA COSTA;162;LAGOA DE VELHOS - RN;268
-6.102926399999999;-35.70449320;ESCOLA ESTADUAL PROFESSORA  HERONDINA CALDAS;RUA PADRE ANTONIO VILELA DANTAS;165;SERRA CAIADA - RN;269
-5.88226170;-35.93649690;ESCOLA ESTADUAL RUI BARBOSA;RUA UMBELINO DE MOURA;65;RUY BARBOSA - RN;271
-5.75340170;-35.2533040;ESCOLA ESTADUAL MAURICIO FREIRE;RUA JOSE CLAUDINO;35;SAO PAULO DO POTENGI - RN;273
-5.75340170;-35.2533040;ESCOLA ESTADUAL SENADOR DINARTE MARIZ;RUA JOSE CLAUDINO;98;SAO PAULO DO POTENGI - RN;274
-5.970566199999999;-36.0744860;ESCOLA ESTADUAL AMARO CAVALCANTE;AV RAINEL PEREIRA;40;SAO TOME - RN;276
-6.03638890;-35.69333210;ESCOLA ESTADUAL DESEMBARGADOR VICENTE LEMOS;RUA DALMERIO MAURICIO;25;SENADOR ELOI DE SOUZA - RN;277
-5.5640962667947464;-35.24090720526431;ESCOLA ESTADUAL AUGUSTO XAVIER DE GOIS - ENSINO MEDIO EM TEMPO INTEGRAL;RUA JOSE TOME;20;CEARA-MIRIM - RN;278
-5.63246333611196;-35.42422016130752;ESCOLA ESTADUAL BARAO DE CEARA MIRIM;RUA PEDRO DE OLIVEIRA CORREIA;95;CEARA-MIRIM - RN;279
-5.639758953450045;-35.42337702380371;ESCOLA ESTADUAL ENEAS CAVALCANTI;TRAVESSA MANOEL MARQUES;427;CEARA-MIRIM - RN;280
-5.643721221716732;-35.42461255515593;ESCOLA ESTADUAL GENERAL JOAO VARELA;RUA GENERAL JOAO VARELA;949;CEARA-MIRIM - RN;281
-5.642753767426193;-35.42464142432863;ESCOLA ESTADUAL INTERVENTOR UBALDO BEZERRA DE MELO;AV ENEAS CAVALCANTI;1290;CEARA-MIRIM - RN;282
-5.645220113933509;-35.424957924992384;ESCOLA ESTADUAL MONSENHOR CELSO CICCO;AV ENEAS CAVALCANTE;1525;CEARA-MIRIM - RN;283
-5.6348976091274725;-35.422344463615445;ESCOLA ESTADUAL IMACULADA CONCEICAO;R HERACLIO VILAR;725;CEARA-MIRIM - RN;284
-5.516379499999999;-35.26242740;ESCOLA ESTADUAL  RAIMUNDO DE OLIVEIRA;RUA STOESSEL DE BRITO;95;MAXARANGUAPE - RN;287
-5.466857999999999;-35.55727970;ESCOLA ISOLADA DE CANA BRAVA;POVOADO CANA BRAVA;0;PUREZA - RN;289
-5.466857999999999;-35.55727970;ESCOLA ESTADUAL MARIA ANTONIA;RUA DOUTOR JOSE VARELA;200;PUREZA - RN;290
-5.62216710;-35.59527210;ESCOLA ESTADUAL ADAO MARCELO DA ROCHA;RUA CANDIDO MARCOLINO;25;TAIPU - RN;299
-5.62216710;-35.59527210;ESCOLA ESTADUAL JOAQUIM NABUCO;R ANTONIO ALVES DA ROCHA;306;TAIPU - RN;300
-5.62216710;-35.59527210;ESCOLA ESTADUAL PROFESSOR CLOTILDE DE MOURA  LIMA;R ANTONIO GOMES DA COSTA;398;TAIPU - RN;301
-5.19918310;-35.46101180;ESCOLA ESTADUAL PROFESSORA ROSA CUNHA;POV SANTA LUZIA - R VER JOAO T S FILHO;1452;TOUROS - RN;303
-5.19918310;-35.46101180;ESCOLA ESTADUAL CORONEL ANTONIO DO LAGO;R CEL ANTONIO ANTUNES;54;TOUROS - RN;304
-5.19918310;-35.46101180;EE TAB JULIO MARIA;PRAIA DOS MARCOS;101;TOUROS - RN;305
-5.28915410;-36.75798590;ESCOLA ESTADUAL PROFESSOR LUIS CARLOS;RUA NOSSA SENHORA DO ROSARIO;329;ALTO DO RODRIGUES - RN;307
-5.28915410;-36.75798590;ESCOLA ESTADUAL PROFESSORA MARIA RODRIGUES GONCALVES;RUA FRANCISCO RODRIGUES;309;ALTO DO RODRIGUES - RN;308
-5.11477210;-36.27963810;ESCOLA ESTADUAL JOSE AUGUSTO VARELA;RUA PREFEITO NHO GALVAO;276;GALINHOS - RN;309
-5.0950020;-36.32482850;ESCOLA ESTADUAL NADIA MARIA CAMARA;TRAVESSA RITA DE CASSIA;2;GUAMARE - RN;310
-5.0950020;-36.32482850;EE MONS JOAQUIM HONORIO ENS FUND E MEDIO;RUA LUIZ DE SOUZA MIRANDA;246;GUAMARE - RN;311
-5.11126690;-36.62613980;ESCOLA ESTADUAL  DONANA AVELINO;RUA CONEGO VICENTE PIMENTEL;285;MACAU - RN;314
-5.11126690;-36.62613980;ESCOLA ESTADUAL  DUQUE DE CAXIAS;R AUGUSTO SEVERO;305;MACAU - RN;315
-5.11126690;-36.62613980;ESCOLA ESTADUAL  PROFESSOR JOSE OLAVO DO VALE;PRACA CAFE FILHO;139;MACAU - RN;317
-5.25773790;-36.72385970;ESCOLA ESTADUAL LUIZ GONZAGA;RUA MONSENHOR ASSIS;154;PENDENCIAS - RN;321
-5.25773790;-36.72385970;ESCOLA ESTADUAL MONSENHOR HONORIO;RUA IDALICE GONZAGA MONTENEGRO;57;PENDENCIAS - RN;322
-5.25773790;-36.72385970;ESCOLA ESTADUAL PEDRO ALVES DE MEDEIROS;RUA FELIX RODRIGUES;577;PENDENCIAS - RN;323
-5.06337150;-36.79237210;ESCOLA ESTADUAL PROFESSORA JOSELIA DE SOUZA SILVA;RUA JOSE ALVES MAIA;11;PORTO DO MANGUE - RN;324
-6.24344710;-36.1805370;ESCOLA ESTADUAL PROFESSORA MARIA ARIOENE DE SOUZA;RUA PEDRO CANDIDO SOBRINHO;38;CAMPO REDONDO - RN;326
-6.383344999999999;-36.21300040000001;ESCOLA ESTADUAL JOSE JOAQUIM;RUA GETULIO VARGAS;206;CORONEL EZEQUIEL - RN;327
-6.42592930;-36.20185730;ESCOLA ESTADUAL MANOEL FERNANDES;RUA MANOEL FORTUNATO;25;JACANA - RN;328
-6.42592930;-36.20185730;ESCOLA ESTADUAL PROFESSORA TEREZINHA CAROLINO DE SOUZA;RUA PREFEITO JOSE PEREIRA DA SILVA;182;JACANA - RN;329
-6.46109270;-35.94008730;ESCOLA ESTADUAL CORONEL MANOEL MEDEIROS II;RUA CEL MANOEL MEDEIROS;71;JAPI - RN;333
-6.46109270;-35.94008730;ESCOLA ESTADUAL SEVERINA PONTES DE MEDEIROS;RUA SEVERINO DA COSTA BELMONT;39;JAPI - RN;334
-6.15068550;-36.10624340;ESCOLA ESTADUAL SAO FRANCISCO;RUA JOAO FRANCISCO BORGES;112;LAJES PINTADAS - RN;335
-6.15068550;-36.10624340;ESCOLA ESTADUAL  VIRGILIO FURTADO;RUA JOAQUIM BERNARDINO DA SILVA;350;LAJES PINTADAS - RN;336
-6.226266104800562;-36.02258896798401;ESCOLA ESTADUAL COSME FERREIRA MARQUES;R ALUIZIO BEZERRA;165;SANTA CRUZ - RN;339
-6.234466577083475;-36.02835322353059;ESCOLA ESTADUAL JOAO FERREIRA DE SOUZA;R. SANTA LUZIA;299;SANTA CRUZ - RN;340
-6.235814351955582;-36.01418560714035;ESCOLA ESTADUAL JOSE BEZERRA CAVALCANTI;RUA INHARE;50;SANTA CRUZ - RN;341
-6.227609862431643;-36.01899769011311;ESCOLA ESTADUAL PROFESSOR FRANCISCO DE ASSIS DIAS RIBEIRO;RUA FERREIRA CHAVES;287;SANTA CRUZ - RN;342
-6.228935152005827;-36.02038150996475;ESCOLA ESTADUAL QUINTINO BOCAIUVA;R COSME FERREIRA MARQUES;105;SANTA CRUZ - RN;344
-6.224877193819458;-36.02092674575499;ESCOLA ESTADUAL ISABEL OSCARLINA MARQUES;AVENIDA RIO BRANCO;595;SANTA CRUZ - RN;346
-6.22940710;-36.02330780;CENTRO ESTADUAL DE ATENDIMENTO EDUCACIONAL ESPECIALIZADO - CEAEE;RUA JOAO BIANOR BEZERRA;137;SANTA CRUZ - RN;347
-6.344550799999999;-36.08229730;EE PROF MARIA LIDIA DA SILVA ENS FUND E MEDIO;RUA THEODORICO BEZERRA;132;SAO BENTO DO TRAIRI - RN;348
-6.10561730;-35.91007480;ESCOLA ESTADUAL JOSE NUNES DE CARVALHO;RUA SEBASTIAO FERREIRA LIMA;99;SITIO NOVO - RN;349
-6.10561730;-35.91007480;ESCOLA ESTADUAL SEBASTIAO FERREIRA LIMA;R SEBASTIAO FERREIRA LIMA;99;SITIO NOVO - RN;350
-5.498500700000001;-36.50010510;ESCOLA ESTADUAL JOSE AVELINO;RUA CEL JOSE FRANCISCO;84;AFONSO BEZERRA - RN;354
-5.498500700000001;-36.50010510;ESCOLA ESTADUAL PROFESSORA MARIA ALINA PINHEIRO;PRACA 27 DE OUTUBRO;102;AFONSO BEZERRA - RN;355
-5.671652799999999;-36.60460800000001;ESCOLA ESTADUAL PROFESSORA JOANA HONORIO DA SILVEIRA MOURA;RUA CEL LUIS PINHEIRO;120;ANGICOS - RN;357
-5.671652799999999;-36.60460800000001;ESCOLA ESTADUAL JOSE RUFINO;AV SEN GEORGINO AVELINO;110;ANGICOS - RN;358
-5.671652799999999;-36.60460800000001;ESCOLA ESTADUAL PROFESSOR FRANCISCO VERAS;RUA VICENTE GERMANO;60;ANGICOS - RN;359
-5.982703100000001;-36.4093226;ESCOLA ESTADUAL SERVULO PEREIRA DE ARAUJO;RUA PEDRO MACEDO;31;BODO - RN;360
-5.71887620;-36.46788990;ESCOLA ESTADUAL PROFESSORA FRANCISCA ALVES DA SILVA;RUA VER JOAO SALVIANO SOBRINHO;157;FERNANDO PEDROZA - RN;361
-5.71887620;-36.46788990;ESCOLA ESTADUAL VEREADOR JOAO SALVIANO SOBRINHO;RUA VEREADOR JOAO SALVIANO SOBRINHO;157;FERNANDO PEDROZA - RN;362
-5.69706920;-36.24124020;ESCOLA ESTADUAL OLIMPIO PROCOPIO DE MOURA;RUA PROFESSORA ZELIA FERNANDES;78;LAJES - RN;364
-5.69706920;-36.24124020;ESCOLA ESTADUAL PEDRO II;PRACA MONSENHOR VICENTE DE PAULA;476;LAJES - RN;365
-5.52241790;-36.38729520;ESCOLA ESTADUAL PAULO VI;RUA DAS ORQUIDEAS;73;PEDRO AVELINO - RN;366
-5.52241790;-36.38729520;ESCOLA ESTADUAL PROFESSOR ABEL FURTADO;RUA DO MATADOURO;419;PEDRO AVELINO - RN;367
-5.52241790;-36.38729520;ESCOLA ESTADUAL PROFESSORA JOSEFA SAMPAIO MARINHO;PEDRO FRUTUOSO BEZERRA;38;PEDRO AVELINO - RN;368
-5.95712380;-36.65332950;EE ARISTOFANES FERNANDES ENS FUND E MEDIO;RUA PADRE JOAO TEOTONIO;100;SANTANA DO MATOS - RN;369
-5.95712380;-36.65332950;EE PROF CELSO ARRUDA DE ANDRADE ENS FUNDAMENTAL;AV 27 DE OUTUBRO;1003;SANTANA DO MATOS - RN;371
-6.45998230;-36.64101380;ESCOLA ESTADUAL DOUTOR JOSE GONCALVES DE MEDEIROS;R SILVINO ADONIAS BEZERRA;72;ACARI - RN;372
-6.45998230;-36.64101380;ESCOLA ESTADUAL PROFESSORA IRACEMA BRANDAO DE ARAUJO - ENSINO MEDIO EM TEMPO INTEGRAL;R SILVINO BEZERRA FILHO;640;ACARI - RN;373
-6.45998230;-36.64101380;ESCOLA ESTADUAL TOMAZ DE ARAUJO;RUA DA MATRIZ;210;ACARI - RN;374
-6.548842899999999;-36.5934214;ESCOLA ESTADUAL CAETANO DANTAS;TRAVESSA ANTONIO DANTAS;199;CARNAUBA DOS DANTAS - RN;376
-6.548842899999999;-36.5934214;ESCOLA ESTADUAL JOAO HENRIQUE DANTAS;RUA JOSE VITOR;590;CARNAUBA DOS DANTAS - RN;377
-6.04549760;-36.34782420;EE QUERUBINA SILVEIRA ENS FUND E MEDIO;AV SAO JOAO;279;CERRO CORA - RN;379
-6.412908799999999;-36.78230380;ESCOLA ESTADUAL JOAQUIM JOSE DE MEDEIROS;PC DR SILVIO BEZERRA DE MELO;10;CRUZETA - RN;380
-6.2629430;-36.51769570;ESCOLA ESTADUAL MANOEL SALUSTINO;MINA BREJUI;55;CURRAIS NOVOS - RN;382
-6.263700200489615;-36.51587179786986;EI DR SILVIO BEZERRA DE MELO;AV. CEL JOSE BEZERRA;10;CURRAIS NOVOS - RN;384
-6.26628970;-36.515012;CEJA PROF CREUZA BEZERRA;R PIAUI;122;CURRAIS NOVOS - RN;385
-6.2629430;-36.51699230;ESCOLA ESTADUAL CAPITAO MOR GALVAO;RUA MOISES GALVAO;215;CURRAIS NOVOS - RN;386
-6.2629430;-36.51769570;ESCOLA ESTADUAL PROFESSORA ESTER GALVAO;RUA DO PETROLEO;89;CURRAIS NOVOS - RN;388
-6.2629430;-36.51769570;ESCOLA ESTADUAL TRISTAO DE BARROS;R BERNADETE XAVIER;115;CURRAIS NOVOS - RN;389
-6.2629430;-36.51769570;ESCOLA ESTADUAL LIONS CLUBE;AV GETULIO VARGAS;1287;CURRAIS NOVOS - RN;390
-6.946654499999999;-36.51769570;INSTITUTO VIVALDO PEREIRA;R CANDIDO MENDES;511;CURRAIS NOVOS - RN;392
-6.946654499999999;-36.71536770;ESCOLA ESTADUAL DOM MANUEL TAVARES DE ARAUJO;RUA GETULIO VARGAS;401;EQUADOR - RN;393
-6.12346980;-36.71536770;ESCOLA ESTADUAL PROFESSOR ISABEL FERREIRA;RUA GETULIO VARGAS;254;EQUADOR - RN;394
-6.16777780;-36.81971490;ESCOLA ESTADUAL CORONEL SILVINO BEZERRA;R INACIO ARAUJO;219;FLORANIA - RN;395
-6.16777780;-36.79250;ESCOLA ESTADUAL MANOEL LUIS DE MARIA;RUA RADIR PEREIRA;11;LAGOA NOVA - RN;397
-6.68838680;-36.79250;ESCOLA ESTADUAL ANGELITA FELIX BEZERRA;AV SILVIO BEZERRA DE MELO;1299;LAGOA NOVA - RN;398
-6.68838680;-36.6579780;ESCOLA ESTADUAL  BARAO DO RIO BRANCO;PRACA ANTAO ELISIARIO;15;PARELHAS - RN;401
-6.68838680;-36.6579780;ESCOLA ESTADUAL  MARIA TERCEIRA;RUA SEVERINO RODRIGUES DE SENA;17;PARELHAS - RN;402
-6.68838680;-36.6579780;ESCOLA ESTADUAL  MONSENHOR AMANCIO RAMALHO;RUA EXPEDITO BEZERRA;611;PARELHAS - RN;403
-6.68838680;-36.6579780;ESCOLA ESTADUAL  PROFESSOR FELIPE BITTENCOURT;R PE BENTO;563;PARELHAS - RN;404
-6.76598230;-36.6579780;ESCOLA ESTADUAL  JESUS MENINO;MANOEL NOBERTO;208;PARELHAS - RN;405
-6.21973060;-36.73340570;EE JOAO VILAR DA CUNHA ENS FUND E MEDIO;AV ZEZE APRIGIO;184;SANTANA DO SERIDO - RN;407
-6.21767270;-36.68427790;ESCOLA ESTADUAL ARISTOFANES FERNANDES;JOAO PAULINO DE SOUZA;162;SAO VICENTE - RN;408
-6.474048089589348;-36.68156480;ESCOLA ESTADUAL JOAQUIM ADELINO DE MEDEIROS;RUA SENADOR AGENOR NUNES DE MARIA;345;SAO VICENTE - RN;409
-6.46509858891415;-37.078519587544235;ESCOLA ESTADUAL PADRE EDMUND KAGERER;RUA EDMILSON RODRIGUES DE PAULA;1;CAICO - RN;417
-6.460605122930811;-37.09917796137694;ESCOLA ESTADUAL JOAQUIM APOLINAR;AV RIO BRANCO;725;CAICO - RN;419
-6.460346600838495;-37.1065379429138;ESCOLA ESTADUAL MANOEL FERNANDES JORGE;R MANOEL GONCALVES DE MELO;279;CAICO - RN;420
-6.459022006190408;-37.10251731160048;ESCOLA ESTADUAL PROFESSORA CALPURNIA CALDAS DE  AMORIM;RUA MANOEL GONCALVES DE MELO;42;CAICO - RN;425
-6.467982274992643;-37.10710657122496;ESCOLA ESTADUAL ZUZA JANUARIO;RUA JOSE QUININO DE MEDEIROS;19;CAICO - RN;427
-6.03412110;-37.10943472864989;ESCOLA ESTADUAL SENADOR DINARTE MARIZ;RUA ANDRE SALES;667;CAICO - RN;428
-6.03412110;-37.02065740;ESCOLA ESTADUAL ANTONIO BATISTA;PRACA DA BANDEIRA;18;JUCURUTU - RN;439
-6.69699970;-37.02065740;ESCOLA ESTADUAL NEWMAN QUEIROZ;RUA JOSE LOURENCO;1;JUCURUTU - RN;440
-6.37902830;-36.94383930;ESCOLA ESTADUAL  MANOEL CORREIA;RUA PROF ISAIAS;110;OURO BRANCO - RN;442
-6.718454599999999;-37.18316090;EE MONS WALFREDO GURGEL ENS FUND E MEDIO;AVENIDA MAJOR JOSE ANTAO;78;SAO FERNANDO - RN;444
-6.718454599999999;-37.20224630;EE SEN JOSE BERNARDO ENS 1 E 2 GRAUS;AV HONORIO MACIEL;354;SAO JOAO DO SABUGI - RN;445
-6.45438710;-37.20224630;EE SANTA TEREZINHA;RUA LUIZ ANTONIO DE MEDEIROS;131;SAO JOAO DO SABUGI - RN;446
-6.45438710;-36.87457960;EE JESUINO AZEVEDO ;RUA MARIA CIRNE DE MEDEIROS;222;SAO JOSE DO SERIDO - RN;447
-6.66305810;-36.87457960;EE PROF RAIMUNDO S COSTA ENS FUND E MEDIO;RUA JOAQUIM LOLO;370;SAO JOSE DO SERIDO - RN;448
-5.576275262822044;-37.40044380;ESCOLA ESTADUAL PROFESSOR LEOMAR BATISTA DE ARAUJO;RUA CORONEL CLEMENTINO;727;SERRA NEGRA DO NORTE - RN;449
-5.580850795496863;-36.913122987866245;ESCOLA ESTADUAL JUSCELINO KUBITSCHEK;RUA CEL FRANCISCO MARTINS;80;ASSU - RN;454
-5.575514450253436;-36.91048905861362;ESCOLA ESTADUAL MANOEL PESSOA MONTENEGRO;TRAVESSA CORONEL WANDERLEY;302;ASSU - RN;455
-5.57480969667841;-36.910995996117435;ESCOLA ESTADUAL TENENTE CORONEL JOSE CORREIA;RUA CEL. WANDERLEY;1030;ASSU - RN;458
-5.498874499999999;-36.90679833900913;ESCOLA ESTADUAL PADRE IBIAPINA;AVENIDA SENADOR JOAO CAMARA;195;ASSU - RN;459
-5.498874499999999;-36.85283880;EE POSTO AGROPECUARIO ENS FUNDAMENTAL;RUA PROFESSOR MANOEL NUNES FILHO;96;IPANGUACU - RN;466
-5.498874499999999;-36.85283880;ESCOLA ESTADUAL CORONEL OVIDIO MONTENEGRO;RUA JOSE MEDEIROS;181;IPANGUACU - RN;467
-5.77424120;-36.85283880;ESCOLA ESTADUAL MANOEL DE MELO MONTENEGRO- ENSINO MEDIO EM TEMPO INTEGRAL;AVENIDA LUIZ GONZAGA;1088;IPANGUACU - RN;468
-5.77424120;-37.10076090;ESCOLA ESTADUAL  LUIS GONDIM;RUA PADRE AMARO;55;PARAU - RN;471
-5.855192799999999;-37.10076090;ESCOLA ESTADUAL  SILVESTRE VERAS BARBOSA;RUA ALFERES TONHO;650;PARAU - RN;472
-4.94771150;-37.18816860;ESCOLA ESTADUAL DESEMBARGADOR FELIPE GUERRA;RUA GREGORIO DE MELO;321;TRIUNFO POTIGUAR - RN;475
-4.94771150;-37.12436460;ESCOLA ESTADUAL CONSELHEIRO BRITO GUERRA;RUA MESTRE SILVERIO BARRETO;247;AREIA BRANCA - RN;479
-5.070576099999999;-37.12436460;ESCOLA ESTADUAL FRANCISCO FAUSTO;R PREF JORGE CAMINHA;6;AREIA BRANCA - RN;482
-5.070576099999999;-37.61734840;ESCOLA ESTADUAL JOAO DE ABREU;RUA JERONIMO ROSADO;426;BARAUNA - RN;486
-5.4593548;-37.61734840;ESCOLA ESTADUAL MARIANO AZEVEDO;RUA FRANCISCO DE AQUINO;2730;BARAUNA - RN;487
-5.45935480;-37.5212369;ESCOLA ESTADUAL JERONIMO ROSADO;RUA MANOEL SALVIANO;58;GOVERNADOR DIX-SEPT ROSADO - RN;489
-4.98037470;-37.52123690;ESCOLA ESTADUAL MANOEL JOAQUIM;RUA SEVERINO RAMOS VIEIRA;246;GOVERNADOR DIX-SEPT ROSADO - RN;490
-5.181239499999999;-37.15535280;ESCOLA ESTADUAL CORONEL SOLON;RUA MANOEL FIRMINO;127;GROSSOS - RN;491
-5.18803610;-37.35818730;CE INTEGRADA PROF ELISEU VIANA;RUA DUODECIMO ROSADO;984;MOSSORO - RN;497
-5.18803610;-37.34413440;ESCOLA ESTADUAL EDUCANDARIO PRESIDENTE KENNEDY;RUA JOSE ANDRADE NUNES;100;MOSSORO - RN;501
-5.18803610;-37.34413440;ESCOLA ESTADUAL EDUCANDARIO ANTONIO BEZERRA DE SALES;RUA DEOCLECIO FLORENCIO FREIRE;22;MOSSORO - RN;502
-5.1787220;-37.34413440;ESCOLA ESTADUAL EDUCANDARIO PROFESSOR PAULO FREIRE;RUA JERONIMO ROSADO DE SOUSA;87;MOSSORO - RN;503
-5.18803610;-37.34067640;ESCOLA ESTADUAL SANTA TEREZINHA;RUA PEDRO VELHO;657;MOSSORO - RN;504
-5.19413360;-37.34413440;ESCOLA ESTADUAL AMBULATORIO  PADRE DEHON;RUA MESTRE ANTONIO NERES;5;MOSSORO - RN;507
-5.18803610;-37.34955330;ESCOLA ESTADUAL DISNEYLANDIA;RUA LOPES TROVAO;604;MOSSORO - RN;509
-5.19567010;-37.34413440;ESCOLA ESTADUAL JOAO PAULO II;RUA ITAGUACY FERNANDES;158;MOSSORO - RN;510
-5.162275999999999;-37.35271810;ESCOLA ESTADUAL ONZIEME ROSADO FERNANDES;RUA SILVA JARDIM;278;MOSSORO - RN;511
-5.21434220;-37.34294070;ESCOLA ESTADUAL PROFESSOR HERMOGENES NOGUEIRA DA COSTA-ENSINO FUNDAMENTAL;AV RIO BRANCO;3460;MOSSORO - RN;512
-5.1738420;-37.36046049999999;ESCOLA ESTADUAL CONEGO ESTEVAM DANTAS;AV ALBERTO MARANHAO;566;MOSSORO - RN;519
-5.17193190;-37.35933850;ESCOLA ESTADUAL FRANCISCO ANTONIO MEDEIROS;R MARIO CAMARA;193;MOSSORO - RN;525
-5.192750900000001;-37.34666640;ESCOLA ESTADUAL PADRE ALFREDO;AVENIDA LAURO MONTE;360;MOSSORO - RN;533
-5.18803610;-37.33686270;ESCOLA ESTADUAL PROFESSOR SOLON MOURA;RUA DR ALMEIDA CASTRO;234;MOSSORO - RN;544
-5.18803610;-37.34413440;ESCOLA ESTADUAL SANTO ANTONIO;RUA MANOEL FRANCISCO DA SILVA;35;MOSSORO - RN;548
-5.15504160;-37.34413440;ESCOLA ESTADUAL DIRAN RAMOS DO AMARAL;RUA MOISES GURGEL;18;MOSSORO - RN;550
-5.18803610;-37.35762140;ESCOLA ESTADUAL NOSSA SENHORA DAS GRACAS;RUA N.S. DO ROSARIO;1673;MOSSORO - RN;552
-5.18756210;-37.34413440;ESCOLA ESTADUAL NOSSA SENHORA DE FATIMA;RUA MANOEL AIRES DE LIMA;223;MOSSORO - RN;553
-5.188170599999999;-37.33527630;ESCOLA ESTADUAL ALFA VILLE;RUA MARECHAL FLORIANO;475;MOSSORO - RN;555
-5.642282199999999;-37.34391979999999;CENTRO REGIONAL DE EDUCACAO ESPECIAL - CREEMOS;RUA DR JOAO MARCELINO;220;MOSSORO - RN;556
-5.642282199999999;-37.2574690;EE JOSE CALAZANS FREIRE ENS FUND E MEDIO;AV GETULIO VARGAS;16;UPANEMA - RN;567
-5.66488090;-37.2574690;EE PROF ALFREDO SIMONETTI ENS 1 GRAU;RUA MANOEL GONCALVES;78;UPANEMA - RN;568
-5.665801099999999;-37.79540320;ESCOLA ESTADUAL FERREIRA PINTO;RUA 7 DE SETEMBRO;227;APODI - RN;577
-5.66174510;-37.7998860;ESCOLA ESTADUAL PROFESSOR GERSON LOPES;PRACA GETULIO VARGAS;21;APODI - RN;579
-5.66486790;-37.80056520;E E PROFª Mª ZENILDA GAMA TORRES-ENS. MEDIO EM TEMPO INTEGRAL E EDU PROFISSIONAL TEC. DE NIVEL MEDIO;RUA LUZIA MENDES DE FREITAS;237;APODI - RN;581
-5.79590710;-37.79715670;CENTRO REG EDUC ESP GEOVANIA ANDRADE DE MORAIS;RUA ANTONIO LOPES FILHO;139;APODI - RN;582
-5.789541199999999;-37.55306640;ESCOLA ESTADUAL ANTONIO CARLOS;PCA APRONIANO MARTINS DE SA;65;CARAUBAS - RN;586
-5.59134760;-37.56001350;ESCOLA ESTADUAL PROFESSOR LOURENCO GURGEL OLIVEIRA;RUA PROFESSORA VALDELICE GURGEL;365;CARAUBAS - RN;587
-5.84105720;-37.68564320;ESCOLA ESTADUAL ANTONIO FRANCISCO;RUA JOAO BATISTA GURGEL;102;FELIPE GUERRA - RN;590
-5.84105720;-37.99423970;ESCOLA ESTADUAL FRANCISCO DE ASSIS PINHEIRO;RUA EDWIGES MAIA;148;ITAU - RN;591
-5.84105720;-37.99423970;ESCOLA ESTADUAL FRANCISCO PINTO;RUA FAUSTO PINHEIRO;170;ITAU - RN;592
-5.770025599999999;-37.99423970;ESCOLA ESTADUAL PRAXEDES MARTINS;RUA CLEOFAS NUNES;150;ITAU - RN;593
-5.770025599999999;-38.05063210;ESCOLA ESTADUAL 12 DE OUTUBRO;RUA JOAQUIM DANTAS;22;RODOLFO FERNANDES - RN;594
-5.789675799999999;-38.05063210;ESCOLA ESTADUAL FRANCISCO REGIS FILHO;MARIA DE LOURDES CAVALCANTE;255;RODOLFO FERNANDES - RN;595
-5.789675799999999;-37.95505139999999;ESCOLA ESTADUAL AMERICO HOLANDA;RUA FRANCISCO HOLANDA;250;SEVERIANO MELO - RN;596
-5.928780700000001;-37.95505139999999;ESCOLA ESTADUAL SEVERIANO MELO;RUA 7 DE SETEMBRO;277;SEVERIANO MELO - RN;597
-6.14459840;-38.04633620;ESCOLA ESTADUAL AUGUSTO G PAIVA;RUA RAIMUNDO NOGUEIRA;118;TABOLEIRO GRANDE - RN;598
-6.14459840;-37.76650020;ESCOLA ESTADUAL CLODOMIR CHAVES;PRACA AURINO CARLOS DA SILVA;190;ALMINO AFONSO - RN;601
-6.144598399999979;-37.76650020;ESCOLA ESTADUAL ESTUDANTE RONALD NEO JUNIOR;RUA MARIA IONE CARLOS;197;ALMINO AFONSO - RN;602
-6.22714480;-37.76547023173828;ESCOLA ESTADUAL PROFESSOR PEDRO GURGEL;R ALMINO AFONSO;140;ALMINO AFONSO - RN;603
-6.156676399999999;-37.89361020;ESCOLA ESTADUAL GOVERNADOR WALFREDO GURGEL;AV SEN JOAQUIM INACIO;104;ANTONIO MARTINS - RN;606
-6.156676399999999;-37.83833080;ESCOLA ESTADUAL FRUTUOSO GOMES;RUA DIRETORA VILENE CAMARA;150;FRUTUOSO GOMES - RN;609
-6.01710370;-37.83833080;ESCOLA ESTADUAL IVONETE CARLOS;RUA ERNESTO FERREIRA;226;FRUTUOSO GOMES - RN;610
-6.01710370;-37.40898240;EE PROF DANIEL GURGEL;R LOURIVAL GURGEL;148;JANDUIS - RN;611
-6.0941180;-37.40898240;EE VICENTE GURGEL;R VICENTE GURGEL;141;JANDUIS - RN;612
-6.0941180;-37.81064550000001;ESCOLA ESTADUAL  JOAO ONOFRE;RUA DOS PODERES;213;LUCRECIA - RN;614
-6.086661899999999;-37.81064550000001;ESCOLA ESTADUAL  JOSEFINA XAVIER;AV LUIZ SOLANO;400;LUCRECIA - RN;615
-6.086661899999999;-37.91256230;ESCOLA ESTADUAL ALMINO AFONSO;RUA DR BIANOR FERNANDES;37;MARTINS - RN;621
-6.07982010;-37.91256230;ESCOLA ESTADUAL DESEMBARGADOR SINVAL;PRACA DR JOCELYN VILAR;92;MARTINS - RN;622
-6.10586720;-37.51181420;ESCOLA ESTADUAL  APOLINARIA JALES;RUA PROFESSOR OTONIEL TOMAZ DE ALMEIDA;391;MESSIAS TARGINO - RN;624
-6.07710490;-37.64170920;ESCOLA ESTADUAL JOAO GODEIRO;RUA RAFAEL JACOME;18;PATU - RN;630
-6.07710490;-37.71598880;ESCOLA ESTADUAL JOAQUIM MENEZES;RUA XAVIER FERNANDES;258;RAFAEL GODEIRO - RN;632
-5.93772480;-37.71598880;ESCOLA ESTADUAL RAFAEL GODEIRO;RUA FELIPE SANTIAGO;49;RAFAEL GODEIRO - RN;633
-5.93772480;-37.94425040;ESCOLA ESTADUAL CAMILO DE LELIS;RUA TERTULIANA MARIA DA CONCEICAO;397;RIACHO DA CRUZ - RN;634
-5.99708830;-37.94425040;ESCOLA ESTADUAL JOAO SOARES DA SILVA;AVENIDA SAO PEDRO;956;RIACHO DA CRUZ - RN;635
-5.99708830;-37.80727140;EE PROF ANALIA COSTA;RUA RAUL ALENCAR;26;UMARIZAL - RN;641
-5.994572199999999;-37.80727140;ESCOLA ESTADUAL DE TEMPO INTEGRAL PAULO ABILIO;AVENIDA GAVIAO;101;UMARIZAL - RN;643
-6.19894840;-37.94213840;ESCOLA ESTADUAL PEDRO MARTINS FERNANDES;RUA FRANCISCO PINTO;164;VICOSA - RN;645
-6.40425990;-38.29880929999999;ESCOLA ESTADUAL PROFESSOR PEDRO RAIMUNDO DO NASCIMENTO;TRAVESSA JOSE ANTONIO;50;AGUA NOVA - RN;646
-6.40425990;-38.00978520;ESCOLA ESTADUAL WALDEMAR DE SOUSA VERAS;AV. DR. GREGORIO DE PAIVA;86;ALEXANDRIA - RN;649
-6.40425990;-38.00978520;ESCOLA ESTADUAL GOVERNADOR DINARTE MARIZ;TV BENICIO PAIVA;331;ALEXANDRIA - RN;650
-6.27194280;-38.00978520;ESCOLA ESTADUAL LEONCIO BARRETO;RUA PADRE CARLOS;409;ALEXANDRIA - RN;651
-6.09389860;-38.43255330;ESCOLA ESTADUAL PROFESSOR JOSE PROSPERO;R HONORIO JANUARIO;39;CORONEL JOAO PESSOA - RN;652
-6.09389860;-38.37349380;ESCOLA ESTADUAL CORONEL JOAO PESSOA;RUA CRISTOVAO COLOMBO;172;DOUTOR SEVERIANO - RN;653
-6.11002380;-38.37349380;ESCOLA ESTADUAL CRISTOVAO COLOMBO DE  QUEIROZ;RUA HERMINIO JACOME DE LIMA;33;DOUTOR SEVERIANO - RN;654
-6.11002380;-38.30667529999999;ESCOLA ESTADUAL ADOLFO FERNANDES;RUA 7 DE SETEMBRO;217;ENCANTO - RN;655
-6.08148570;-38.30667529999999;ESCOLA ESTADUAL CID ROSADO;RUA JOSE APOLONIO DA COSTA;33;ENCANTO - RN;656
-6.08148570;-38.11985689999999;ESCOLA ESTADUAL 26 DE MARCO;RUA SERGIO DANTAS;128;FRANCISCO DANTAS - RN;657
-6.41109570;-38.11985689999999;ESCOLA ESTADUAL FRANCISCO DANTAS;RUA FRANCISCA LIMA;40;FRANCISCO DANTAS - RN;658
-6.41109570;-38.38446410;ESCOLA ESTADUAL  CORONEL FERNANDES;AVENIDA PROFESSOR FRANCISCO JACOME DE LIMA;84;LUIS GOMES - RN;663
-6.41109570;-38.38446410;ESCOLA ESTADUAL  MARIANA CAVALCANTI;AVENIDA SENHORA SANTANA;9;LUIS GOMES - RN;664
-6.409960799999999;-38.38446410;ESCOLA ESTADUAL  ZEO FERNANDES;RUA ANITA FONTES;300;LUIS GOMES - RN;665
-6.409960799999999;-38.31803160;ESCOLA ESTADUAL 26 DE JUNHO;ZEZEU MORAIS;81;MAJOR SALES - RN;666
-6.114758628814654;-38.31803160;ESCOLA ESTADUAL  CORONEL ANTONIO GERMANO;RUA ANTONIO JOSE DA ROCHA;829;MAJOR SALES - RN;667
-6.112650268028151;-38.208658667420195;ESCOLA ESTADUAL 4 DE SETEMBRO;TV JOAQUIM HOLANDA;19;PAU DOS FERROS - RN;674
-6.1118289;-38.22265456669538;ESCOLA ESTADUAL JOAO ESCOLASTICO;R JOEL PRAXEDES;1140;PAU DOS FERROS - RN;675
-6.1099504;-38.20387729999999;ESCOLA ESTADUAL JOSE GUEDES DO REGO;RUA PEDRO VELHO;1267;PAU DOS FERROS - RN;676
-6.104785392302583;-38.2112583;ESCOLA ESTADUAL TARCISIO MAIA;RUA QUINTINO BOCAIUVA;836;PAU DOS FERROS - RN;678
-6.1146686718773795;-38.20619291586911;ESCOLA ESTADUAL TEOFILO REGO;RUA DES HEMETERIO FERNANDES;60;PAU DOS FERROS - RN;679
-6.105374299999999;-38.20952384841007;ESCOLA ESTADUAL UBIRATAN GALVAO;R JOAQUIM TORQUATO;90;PAU DOS FERROS - RN;680
-6.112331699999999;-38.2080566;ESCOLA ESTADUAL PATRONATO ALFREDO FERNANDES;PCA CONEGO CAMINHA;23;PAU DOS FERROS - RN;682
-6.2682930;-38.2052013;ESCOLA ESTADUAL JESUS MENINO;RUA JOAO BEZERRA DE QUEIROZ;55;PAU DOS FERROS - RN;684
-6.2682930;-38.04516940;ESCOLA ESTADUAL DESEMBARGADOR SINVAL MOREIRA DIAS;RUA JOSE BEZERRA;268;PILOES - RN;685
-6.02456940;-38.04516940;ESCOLA ESTADUAL FRANCISCO ANTONIO DE MOURA;RUA JOAO FERNANDES DE SOUZA;36;PILOES - RN;686
-6.02456940;-37.98446879999999;ESCOLA ESTADUAL 29 DE MARCO;AV HIPOLITO FIALHO;120;PORTALEGRE - RN;687
-6.19361440;-37.98446879999999;ESCOLA ESTADUAL MARGARIDA DE FREITAS;PRACA VICENTE DO REGO FILHO;188;PORTALEGRE - RN;688
-6.19361440;-38.22618970;ESCOLA ESTADUAL MANO MARCELINO;RUA JOSE MARTINS DE OLIVEIRA;213;RAFAEL FERNANDES - RN;690
-6.261354799999999;-38.22618970;ESCOLA ESTADUAL JOSE FERREIRA DA COSTA;RUA RUI BARBOSA;40;RAFAEL FERNANDES - RN;691
-6.21481130;-38.31731550;ESCOLA ESTADUAL PROFESSORA MARIA ANGELINA GOMES;RUA MANOEL DE SOUZA LIMA;219;RIACHO DE SANTANA - RN;692
-6.464907200000001;-38.502633;EE LINDALVA MARIA DE SOUZA;RUA JOSE ALVES DA SILVA;44;SAO MIGUEL - RN;695
-6.464907200000001;-38.49683580000001;ESCOLA ESTADUAL GILNEY DE SOUZA;RUA PROFESSORA JOSEFA AUZENIR DO REGO ARAUJO;48;SAO MIGUEL - RN;696
-6.464907200000001;-38.17745150;ESCOLA ESTADUAL VICENCIA RAQUEL;VILA DA MATA;383;TENENTE ANANIAS - RN;697
-6.32637810;-38.17745150;ESCOLA ESTADUAL ACADEMICO MAURO ABRANTES;R JOSE GERMANO DA SILVEIRA;29;TENENTE ANANIAS - RN;698
-5.69504450;-38.17745150;ESCOLA ESTADUAL DEMOCRITO DE SOUSA;RUA ANTONIO FORTUNATO DOS SANTOS;570;TENENTE ANANIAS - RN;699
-6.3212496;-38.5542746;ESCOLA ESTADUAL MONSENHOR JOSE AIRES NETO;RUA PEDRO TRAJANO TORRES;218;VENHA-VER - RN;700
-5.35701090;-35.81646080;ESCOLA ESTADUAL SENADOR JOAO CAMARA;RUA TIRADENTES;64;BENTO FERNANDES - RN;702
-5.671652799999999;-36.06852850;ESCOLA ESTADUAL GODOFREDO CACHO;RUA IRMA ALOISIA;200;CAICARA DO NORTE - RN;703
-5.543870399999999;-36.12553510;ESCOLA ESTADUAL FABRICIO PEDROZA;R ARISTOFANES FERNANDES;391;JANDAIRA - RN;704
-5.543870399999999;-36.60460800000001;ESCOLA ESTADUAL CORONEL MIGUEL TEIXEIRA;PRACA DA MATRIZ;66;JARDIM DE ANGICOS - RN;706
-5.543870399999999;-35.81453870;EE PROF MARLUCE LUCAS;RUA LOPES TROVAO;57;JOAO CAMARA - RN;707
-5.21917310;-35.81453870;ESCOLA ESTADUAL CAPITAO JOSE DA PENHA;R CAP JOSE DA PENHA;17;JOAO CAMARA - RN;709
-5.21917310;-35.81453870;ESCOLA ESTADUAL FRANCISCO DE ASSIS BITTENCOURT;R JOAO TEIXEIRA;56;JOAO CAMARA - RN;710
-5.151862599999999;-35.83893480;ESCOLA ESTADUAL  PROFESSOR MIGUEL MONTEIRO;RUA VICE-PREFEITO ERONIDES TEIXEIRA DA SILVA;31;PARAZINHO - RN;711
-5.57773850;-35.83893480;ESCOLA ESTADUAL  SENADOR JESSE PINTO FREIRE;RUA MONSENHOR FREITAS;648;PARAZINHO - RN;712
-5.62487610;-35.878450;ESCOLA ESTADUAL MARCILIO TEIXEIRA;AV.SEVERINO FERREIRA;561;PEDRA GRANDE - RN;713
-5.62487610;-36.1049020;EE PROF GERCINA BEZERRA ENS 1 E 2 GRAU;RUA CEL JOSE DA COSTA ALECRIM;142;PEDRA PRETA - RN;714
-5.111976299999999;-35.66153360;ESCOLA ESTADUAL CARMEM COSTA;AVENIDA NOBREGA MACHADO;28;POCO BRANCO - RN;716
-5.111976299999999;-35.66153360;ESCOLA ESTADUAL DE TEMPO INTEGRAL ESTUDANTE JOSE FRANCISCO FILHO;AV JOAO FERREIRA DA CRUZ;729;POCO BRANCO - RN;717
-5.8600619;-35.96735670;ESCOLA ESTADUAL SENADOR DINARTE MARIZ;RUA IRMA ALOISIA;6;SAO BENTO DO NORTE - RN;718
-5.848955795921337;-35.96735670;EE JOAO F DA ROCHA ENS DE 1 GRAU;AV URSULINO SILVESTRE DA SILVA;400;SAO BENTO DO NORTE - RN;719
-5.306521330012774;-35.3498303;CENTRO DE FORMACAO DE PESSOAL PARA OS SERVICOS DE SAUDE - CEFOPE;AV ALEXANDRINO DE ALENCAR;1850;NATAL - RN;1005106
-5.818549099999999;-35.239153571716315;CEEP - CENTRO DE EDUCACAO PROFISSIONAL PROFESSOR JOAO FAUSTINO FERREIRA;RUA DEPUTADO MARCILIO FURTADO;701;NATAL - RN;85233386
-4.83519360;-36.76451653633421;CEEP - CENTRO DE EDUCACAO PROFISSIONAL PROFESSORA MARIA RODRIGUES GONCALVES;RUA (SEM NOME ) LIMITANDO-SE AO NORTE COM A RUA MANOEL CAETANO DE PAULA AO SUL COM A RUA JUDILITA P;-;ALTO DO RODRIGUES - RN;86179729
-4.83519360;-35.21844129999999;INSTITUTO DE EDUCACAO SUPERIOR PRESIDENTE KENNEDY - CENTRO DE FORMACAO DE PROFISSIONAIS DE EDUCACAO;RUA JAGUARARI;-;NATAL/RN;2100
-4.94771150;-37.26655660000001;ESCOLA ESTADUAL SENADOR DINARTE DE MEDEIROS MARIZ;RUA DO TUBARAO;-;TIBAU - RN;566
-4.94771150;-37.26655660000001;ESCOLA ESTADUAL RUI BARBOSA;RUA DAS OLIVEIRAS;-;TIBAU - RN;565
-4.94771150;-37.12436460;ESCOLA ESTADUAL PROFESSORA MARIA LAURETANEA ROLIM BEZERRA DO VALE;RUA JOSE AMARO DE SOUZA;-;AREIA BRANCA - RN;476
-4.94771150;-37.12436460;ESCOLA ESTADUAL PROFESSORA ANTONIA GIRLANDE BRUNO DA SILVA;R DR BRAZ BENEDITO DE MENDONCA;-;AREIA BRANCA - RN;483
-4.94771150;-37.12436460;ESCOLA ESTADUAL ELITA MONTE;RUA RUI BARBOSA;-;AREIA BRANCA - RN;481
-4.94771150;-37.12436460;ESCOLA ESTADUAL DOUTOR DAGMAR SABINO;RUA RUI BARBOSA;-;AREIA BRANCA - RN;480
-4.98037470;-37.12436460;ESCOLA ESTADUAL DESEMBARGADOR SILVERIO SOARES;AV PREFEITO ANTONIO CALAZANS;-;AREIA BRANCA - RN;477
-4.98037470;-37.12436460;CENTRO DE EDUCACAO ESPECIAL PROFESSORA MARIA LAURETANIA ROLIM BEZERRA DO VALE;RUA JOSE AMARO DE SOUZA;-;AREIA BRANCA - RN;484
-5.0181210;-37.15535280;ESCOLA ESTADUAL PROFESSOR MANUEL JOAO;RUA RAIMUNDO FERREIRA;-;GROSSOS - RN;492
-5.070576099999999;-37.15535280;ESCOLA ESTADUAL PROFESSORA MARIA RODRIGUES NOIA;AV. CORONEL SOLON;-;GROSSOS - RN;493
-5.11126690;-37.11527960;ESCOLA ESTADUAL CONEGO ISMAR FERNANDES DE QUEIROZ;BR 110 KM 01;-;AREIA BRANCA - RN;478
-5.11126690;-37.61734840;ESCOLA ESTADUAL MARIA JUSTINA DO NASCIMENTO;RUA LUIZ MENDES;-;BARAUNA - RN;485
-5.11126690;-36.62613980;ESCOLA ISOLADA DIOGO LOPES;RUA BELA VISTA;-;MACAU - RN;312
-5.11126690;-36.62613980;ESCOLA ESTADUAL  PROFESSORA MARIA DE LOURDES BEZERRA;RUA PROJETADA;-;MACAU - RN;318
-5.14424180;-36.62613980;ESCOLA ESTADUAL  PROFESSORA CLARA TETEO;AVENIDA CENTENARIO;-;MACAU - RN;316
-5.15439180;-36.62613980;ESCOLA ESTADUAL 30 DE OUTUBRO;VILA INDUSTRIAL DA ALCANORTE;-;MACAU - RN;313
-5.15942190;-37.34737640;ESCOLA ESTADUAL LUIZ DANTAS CAVALCANTI;RUA SENADOR RUI CARNEIRO;-;MOSSORO - RN;528
-5.16512190;-37.36049650;ESCOLA ESTADUAL PROFESSOR HERMOGENES NOGUEIRA DA COSTA- ENSINO FUNDAMENTAL E MEDIO;RUA CORONEL GLICERIO CICERO;-;MOSSORO - RN;537
-5.17016190;-37.36057650;CAIC ESCOLA ESTADUAL JERONIMO VINGT ROSADO MAIA;RUA FRANCISCO PORFIRIO;-;MOSSORO - RN;551
-5.1768920;-37.35495150;ESCOLA ESTADUAL 30 DE SETEMBRO;RUA CORONEL MILTON FREIRE;-;MOSSORO - RN;514
-5.1810120;-37.33923640;ESCOLA ESTADUAL PROFESSORA INALDA CABRAL;RUA LIRA TAVARES;-;MOSSORO - RN;538
-5.1810120;-37.34118640;CE DE CAPACITACAO DE EDUC E ATENDIMENTO AO SURDO - CAS;AV RIO BRANCO;-;MOSSORO - RN;557
-5.1810120;-37.35164650;ESCOLA ESTADUAL PROFESSOR ABEL FREIRE COELHO;R DR JOAO MARCELINO;-;MOSSORO - RN;534
-5.1822570;-37.35164650;ESCOLA ESTADUAL DOUTOR LAVOISIER MAIA;RUA DR JOAO MARCELINO;-;MOSSORO - RN;523
-5.182501999999999;-37.35164650;ESCOLA ESTADUAL AMBULATORIO CARDEAL CAMARA;RUA DR JOAO MARCELINO;-;MOSSORO - RN;505
-5.1839220;-37.33283630;ESCOLA ESTADUAL ANTONIO GOMES;R MARECHAL DEODORO;-;MOSSORO - RN;518
-5.185215599999999;-37.33970640;ESCOLA ESTADUAL CUNHA DA MOTA;RUA AFONSO PENA;-;MOSSORO - RN;520
-5.185215599999999;-37.34740640;ESCOLA ESTADUAL JERONIMO ROSADO;R FERREIRA ITAJUBA;-;MOSSORO - RN;498
-5.1854720;-37.34682460;ESCOLA ESTADUAL CENTENARIO DE MOSSORO;PRACA DOM JOAO COSTA;-;MOSSORO - RN;546
-5.185840799999999;-37.34682460;CEJA PROF ALFREDO SIMONETTI;PRACA DOM JOAO COSTA;-;MOSSORO - RN;499
-5.18803610;-37.35130650;ESCOLA ESTADUAL DOM JOAO COSTA;RUA DUODECIMO ROSADO;-;MOSSORO - RN;547
-5.18803610;-37.34683620;ESCOLA ESTADUAL PROFESSOR JOSE NOGUEIRA;R 06 DE JANEIRO;-;MOSSORO - RN;540
-5.18803610;-37.34413440;ESCOLA ESTADUAL SANTA DELMIRA;RUA SAO DOMINGOS;-;MOSSORO - RN;545
-5.18803610;-37.34413440;ESCOLA ESTADUAL PROFESSORA MARIA EMILIANA DAS MERCES ROCHA;RUA DOMINGOS JULIAO DO NASCIMENTO;-;MOSSORO - RN;496
-5.18803610;-37.34413440;ESCOLA ESTADUAL PROFESSORA MARGARIDA MARIA DE SOUZA;RUA SINHA NEGREIROS;-;MOSSORO - RN;542
-5.18803610;-37.34413440;ESCOLA ESTADUAL PROFESSORA IRACEMA FERNANDES;SITIO PAU BRANCO;-;MOSSORO - RN;495
-5.18803610;-37.34413440;ESCOLA ESTADUAL PROFESSORA ADELIA GOMES DE SOUZA;EUTIQUIANO REIS;-;MOSSORO - RN;535
-5.18803610;-37.34413440;ESCOLA ESTADUAL MONSENHOR RAIMUNDO GURGEL;RUA JAEM MENESCAL;-;MOSSORO - RN;531
-5.18803610;-37.34413440;ESCOLA ESTADUAL MANOEL JUSTINIANO DE MELO;RUA DOM HELDER CAMARA;-;MOSSORO - RN;529
-5.18803610;-37.34413440;ESCOLA ESTADUAL JERONIMO VINGT ROSADO MAIA;RUA LARGO DO CONJUNTO VINGT ROSADO;-;MOSSORO - RN;554
-5.18803610;-37.34413440;ESCOLA ESTADUAL JARDIM DE INFANCIA MODELO;PCA CONEGO ESTEVAM DANTAS;-;MOSSORO - RN;549
-5.18803610;-37.34413440;ESCOLA ESTADUAL GILBERTO ROLA;CONJ HAB ANGELO CALMON DE SA;-;MOSSORO - RN;494
-5.18803610;-37.34413440;ESCOLA ESTADUAL AMBULATORIO JOSE PEREIRA LIMA;PRACA CEL ANTONIO MIRANDA;-;MOSSORO - RN;506
-5.19158210;-37.34413440;ESCOLA ESTADUAL AIDA RAMALHO CORTEZ PEREIRA;R PROF. ALEIXO PRATES E SILVA;-;MOSSORO - RN;516
-5.19336210;-37.34413440;ESCOLA ESTADUAL ABOLICAO IV;RUA PRINCIPE DA BEIRA;-;MOSSORO - RN;515
-5.19416210;-37.34424640;ESCOLA ESTADUAL GOV DIX-SEPT ROSADO;AV ALBERTO MARANHAO;-;MOSSORO - RN;526
-5.19900370;-37.35142650;ESCOLA ESTADUAL MOREIRA DIAS;R SILVA JARDIM;-;MOSSORO - RN;532
-5.19918310;-37.31935120;ESCOLA ESTADUAL DOM JAIME CAMARA;R AURORA;-;MOSSORO - RN;521
-5.19918310;-37.35768550;ESCOLA ESTADUAL ALEIXO ROSA DA SILVA;RUA FRANCISCO BERNARDO II;-;MOSSORO - RN;517
-5.20296220;-35.46101180;ESCOLA ESTADUAL PROFESSORA MARIA DE LOURDES DE SOUZA DIAS;RUA SAO SEBASTIAO;-;TOUROS - RN;302
-5.20296220;-35.46101180;ESCOLA ESTADUAL PROFESSORA ISABEL BARBOSA VIEIRA - ENSINO MEDIO EM TEMPO INTEGRAL;RUA PRAIA DE MARACAJAU;-;TOUROS - RN;306
-5.20438220;-37.32544630;ESCOLA ESTADUAL PROFESSOR JOSE DE FREITAS NOBRE;AV FRANCISCO MOTA;-;MOSSORO - RN;539
-5.20618220;-37.32544630;ESCOLA ESTADUAL FRANCISCA MARTINS DE SOUZA;AV FRANCISCO MOTA;-;MOSSORO - RN;500
-5.20812220;-37.35809649999999;ESCOLA ESTADUAL MONSENHOR FRANCISCO DE SALES CAVALCANTE;RUA SOUZA LEAO;-;MOSSORO - RN;530
-5.21059940;-37.33370130;ESCOLA ESTADUAL MANOEL JOAO;RUA JOSE DE SOUZA;-;MOSSORO - RN;541
-5.21059940;-37.33771640;ESCOLA ESTADUAL TERTULIANO AYRES DIAS;RUA FRANCISCO HOLANDA;-;MOSSORO - RN;513
-5.21059940;-37.0329070;ESCOLA ESTADUAL PADRE JOSE DE ANCHIETA;VILA RIO GRANDE DO NORTE;-;SERRA DO MEL - RN;564
-5.21059940;-37.0329070;EE PE JOSE DE ANCHIETA ENS 1 GRAU - SP;VILA SAO PAULO;-;SERRA DO MEL - RN;561
-5.21059940;-37.0329070;EE PE JOSE DE ANCHIETA ENS 1 GRAU - SE;VILA SERGIPE;-;SERRA DO MEL - RN;562
-5.21059940;-37.0329070;EE PE JOSE DE ANCHIETA ENS 1 GRAU - SC;VILA SANTA CATARINA;-;SERRA DO MEL - RN;563
-5.21059940;-37.0329070;EE PE JOSE DE ANCHIETA ENS 1 GRAU - GB;VILA GUANABARA;-;SERRA DO MEL - RN;559
-5.21366220;-37.0329070;EE PE JOSE DE ANCHIETA ENS 1 GRAU - BA;VILA BAHIA;-;SERRA DO MEL - RN;558
-5.214339470363709;-37.0329070;EE PE JOSE DE ANCHIETA 1 GRAU - PR;VILA PARANA;-;SERRA DO MEL - RN;560
-5.21627330;-37.32933130;ESCOLA ESTADUAL DOUTOR LUTHER KING;PRES CAFE FILHO;-;MOSSORO - RN;524
-5.220792299999999;-37.3278248649292;CEEP - CENTRO ESTADUAL DE EDUCACAO PROFISSIONAL PROFESSOR FRANCISCO DE ASSIS PEDROSA;RUA PEDRO VALAMIRA FERNANDES;-;MOSSORO - RN;86177034
-5.222502299999999;-37.33536630;ESCOLA ESTADUAL DOUTOR EWERTON DANTAS CORTEZ;RUA MARTINS JUNIOR;-;MOSSORO - RN;522
-5.22773240;-37.32926630;ESCOLA ESTADUAL PROFESSORA MARIA STELLA PINHEIRO COSTA;RUA WALTER WANDERLEY;-;MOSSORO - RN;543
-5.23050240;-37.32826630;ESCOLA ESTADUAL JOSE MARTINS DE VASCONCELOS;RUA FREIRINHO;-;MOSSORO - RN;527
-5.25773790;-37.31656620;ESCOLA ESTADUAL PADRE SATIRO CAVALCANTI DANTAS;AV. ERONDINA CAVALCANTE DANTAS;-;MOSSORO - RN;508
-5.25773790;-37.31690620;ESCOLA ESTADUAL ANTONIO DE SOUZA MACHADO;RUA MOACIR F. DANTAS;-;MOSSORO - RN;536
-5.27667270;-36.72385970;ESCOLA ESTADUAL MONSENHOR HONORIO;RUA MANOEL JACOME;-;PENDENCIAS - RN;320
-5.27667270;-36.72385970;ESCOLA ESTADUAL MENINO JESUS;PORTO DO CARAO;-;PENDENCIAS - RN;319
-5.27667270;-35.37914920;ESCOLA ESTADUAL JOSE PORTO FILHO;RUA PORTO FILHO;-;RIO DO FOGO - RN;294
-5.27667270;-35.37914920;ESCOLA ESTADUAL GOVERNADOR LAVOISIER MAIA SOBRINHO;LARGO SAO PEDRO;-;RIO DO FOGO - RN;295
-5.33883140;-35.37914920;ESCOLA ESTADUAL DOM EUGENIO SALES;COLONIA AGRICOLA DE PUNAU;-;RIO DO FOGO - RN;293
-5.35701090;-35.37914920;ESCOLA ESTADUAL DE ZUMBI;RUA PROFESSORA DE LOURDES;-;RIO DO FOGO - RN;292
-5.45935480;-36.83765560;ESCOLA ESTADUAL ALCIDES WANDERLEY;AVENIDA INACIO DIAS DE LACERDA;-;CARNAUBAIS - RN;462
-5.466857999999999;-36.12553510;ESCOLA ESTADUAL PROFESSORA MARIA DA CONCEICAO MESSIAS;AV ARISTOFANES FERNANDES;-;JANDAIRA - RN;705
-5.498500700000001;-37.52123690;ESCOLA ESTADUAL ARNAUD TARGINO;SITIO QUIXADA;-;GOVERNADOR DIX-SEPT ROSADO - RN;488
-5.498874499999999;-35.55727970;ESCOLA ESTADUAL HENRIQUE EUFRASIO DE SANTANA;RUA 31 DE MARCO;-;PUREZA - RN;291
-5.498874499999999;-36.50010510;ESCOLA ESTADUAL PROFESSORA GILDECINA BEZERRA;RUA VEREADOR ADAUTO SOLINO;-;AFONSO BEZERRA - RN;353
-5.50;-36.85283880;ESCOLA ESTADUAL MARIA DA GLORIA DE AZEVEDO LUNA;RUA MONSENHOR LUCILO ALVES MACHADO;-;IPANGUACU - RN;465
-5.516379499999999;-36.85283880;ESCOLA ESTADUAL JOAO FRANCISCO DA COSTA;POVOADO ARAPUA;-;IPANGUACU - RN;464
-5.5166670;-35.3833330;ESCOLA ESTADUAL PROFESSOR PEDRO ALEXANDRINO;R MANOEL FELIX;-;SAO PEDRO - RN;275
-5.543870399999999;-35.26242740;ESCOLA ESTADUAL  STOESSEL DE BRITO;RUA ELIZABETE;-;MAXARANGUAPE - RN;288
-5.571288585652314;-37.8333330;ESCOLA ESTADUAL MARIA ANALIA DE OLIVEIRA;SITIO JOAO PEDRO;-;APODI - RN;572
-5.5772790;-35.81453870;ESCOLA ESTADUAL ANTONIO GOMES;RUA ANTONIO PROENCA;-;JOAO CAMARA - RN;708
-5.5772790;-36.915129280209385;ESCOLA ESTADUAL MARCOS ALBERTO DE SA LEITAO;RUA PROF EUFROSINA FERNANDES;-;ASSU - RN;456
-5.5772790;-36.90840230;ESCOLA ISOLADA DE COMBOEIRO;SITIO PORE;-;ASSU - RN;453
-5.5833330;-36.90840230;ESCOLA ISOLADA DE BANGUE;SIT BANGUE;-;ASSU - RN;452
-5.587519156653852;-36.90840230;ESCOLA ISOLADA BAVIERA;POVOADO BAVIEIRA;-;ASSU - RN;451
-5.62487610;-37.8166670;ESCOLA ESTADUAL ANTONIA ALVES DE LIMA;DISTRITO SOLEDADE;-;APODI - RN;575
-5.633332999999999;-36.91078410160526;ESCOLA ESTADUAL POETA RENATO CALDAS;RUA ADALBERTO AMORIM;-;ASSU - RN;457
-5.63364040;-35.66153360;ESCOLA ISOLADA MARIA CANDIDO FREIRE;SITIO SAMAMBAIA;-;POCO BRANCO - RN;715
-5.63364040;-35.2833330;ESCOLA ESTADUAL JOSE SOARES DE SOUZA;POV NUCLEO SAO MIGUEL;-;EXTREMOZ - RN;2
-5.63782830;-36.84972680;EE JOAO TERTULINO LOPES ENS FUND E MEDIO;PCA MANOEL ARGEMIRO LOPES;-;ITAJA - RN;470
-5.651074490965842;-36.84972680;EE JOAO MANOEL PESSOA ENS FUND E MEDIO;RUA MANOEL LOPES;-;ITAJA - RN;469
-5.656316415895976;-35.43008980;ESCOLA ESTADUAL PROFESSOR OTTO DE BRITO GUERRA;RUA MACAIBA;-;CEARA-MIRIM - RN;285
-5.6600040;-35.41718522513122;ESCOLA ESTADUAL PROFESSOR EDGAR BARBOSA;RUA AMPARO;-;CEARA-MIRIM - RN;286
-5.66174510;-35.42029597246096;CEEP - CENTRO ESTADUAL DE EDUCACAO PROFISSIONAL RUY ANTUNES PEREIRA;RUA RAFAEL TARGINO;-;CEARA-MIRIM - RN;85233130
-5.66174510;-37.79925810;ESCOLA ESTADUAL PROFESSOR ANTONIO DANTAS;RUA JOAQUIM TEIXEIRA DE MOURA;-;APODI - RN;578
-5.66174510;-37.80056520;ESCOLA ISOLADA SAO LOURENCO II;SITIO RIO NOVO;-;APODI - RN;574
-5.66174510;-37.80056520;ESCOLA ISOLADA PLANALTO;SITIO BOCA DA MATA;-;APODI - RN;573
-5.66174510;-37.80056520;ESCOLA ISOLADA CARA FOSCA;SITIO CARA FOSCA;-;APODI - RN;571
-5.66174510;-37.80056520;ESCOLA ISOLADA BAIXA FECHADA;SITIO BAIXA FECHADA;-;APODI - RN;570
-5.66174510;-37.80056520;ESCOLA ESTADUAL VALDEMIRO PEDRO VIANA;SITIO SANTA ROSA;-;APODI - RN;576
-5.666666999999999;-37.80056520;ESCOLA ESTADUAL SEBASTIAO GOMES DE OLIVEIRA;DISTRITO MELANCIAS;-;APODI - RN;569
-5.671652799999999;-37.80056520;ESCOLA ESTADUAL PROFESSOR ALVANI DE FREITAS DIAS;RUA FRANCISCO VIRGINIO DE OLIVEIRA;-;APODI - RN;580
-5.69706920;-35.2500;ESCOLA ESTADUAL MANOEL CARNEIRO DA CUNHA;POV ESTIVAS;-;EXTREMOZ - RN;3
-5.697735401008;-36.60460800000001;ESCOLA ESTADUAL PROFESSORA JULIA BARBOSA;FAZ SAO MIGUEL;-;ANGICOS - RN;356
-5.70602080;-36.24124020;ESCOLA ESTADUAL FRANCISCO DE OLIVEIRA CABRAL;RUA JUCA BARROS;-;LAJES - RN;363
-5.70602080;-35.28806052645871;CEEP - CENTRO DE EDUCACAO PROFISSIONAL PROFESSOR HELIO XAVIER DE VASCONCELOS;RUA CAMELIA;-;EXTREMOZ - RN;86177433
-5.7237790;-35.30667990;ESCOLA ESTADUAL LIGIA NAVARRO;PRAIA DE PITANGUI;-;EXTREMOZ - RN;8
-5.7249190;-35.30667990;ESCOLA ESTADUAL JOAO FLORENCIO DA HORA;RUA FELIPE CAMARAO;-;EXTREMOZ - RN;7
-5.7267690;-35.25200940;ESCOLA ESTADUAL  PROFESSORA MARIA DE LOURDES CAMARA SOUTO;PRACA IPANEMA;-;NATAL - RN;130
-5.7294240;-35.24154030;ESCOLA ESTADUAL ZILA MAMEDE;RUA MARACAI;-;NATAL - RN;124
-5.7300310;-35.24608140;ESCOLA ESTADUAL  PROFESSORA MARIA NALVA XAVIER DE ALBUQUERQUE;RUA HISTORIADOR CAPISTRANO DE ABREU;-;NATAL - RN;138
-5.7318810;-35.25239040;ESCOLA ESTADUAL ALDO FERNANDES DE MELO;AVENIDA GUARATINGUETA;-;NATAL - RN;110
-5.732927099999999;-35.25069040;ESCOLA ESTADUAL CONEGO LUIZ WANDERLEY;MARIALVA;-;NATAL - RN;111
-5.73558010;-35.26142350;ESCOLA ESTADUAL  PROFESSOR PAULO PINHEIRO DE VIVEIROS;RUA DO PASTORIL;-;NATAL - RN;120
-5.73642910;-35.25562250;ESCOLA ESTADUAL ALCEU AMOROSO LIMA;RUA DO BAIAO;-;NATAL - RN;109
-5.73642910;-35.25733250;ESCOLA ESTADUAL PROFESSORA CRISAN SIMINEA;RUA DAS CRENDICES;-;NATAL - RN;135
-5.74461410;-35.26556550;ESCOLA ESTADUAL MYRIAM COELI;RUA DOS CAROAS;-;NATAL - RN;114
-5.750653199999999;-35.26556550;ESCOLA ESTADUAL ARQUITETA ELIZABETH FATIMA ARAUJO GUILHERMINO;RUA DOS COROAS;-;NATAL - RN;136
-5.75067720;-35.24735840;CENTRO EDUCACIONAL ALFERES TIRADENTES;RUA UBAITUBA;-;NATAL - RN;127
-5.755399199999999;-35.25815150;ESCOLA ESTADUAL WALTER DUARTE PEREIRA;AV BLUMENAU;-;NATAL - RN;123
-5.75559520;-35.25216840;ESCOLA ESTADUAL  PROFESSOR VARELA BARCA;RUA SERRA DO BOTUCATU;-;NATAL - RN;121
-5.756969199999999;-35.23971740;ESCOLA ESTADUAL PADRE JOAO MARIA;LARGO DO EUCALIPTO;-;NATAL - RN;115
-5.76032680;-35.25441650;ESCOLA ESTADUAL PEREGRINO JUNIOR;RUA RIO DO SUL;-;NATAL - RN;116
-5.760953199999999;-35.25270550;ESCOLA ESTADUAL GENERAL DIOSCORO VALE;RUA ANGRA DOS REIS;-;NATAL - RN;113
-5.76288730;-35.99854230;ESCOLA ESTADUAL DOUTOR GERALDO ANDRADE TEIXEIRA;RUA PRESIDENTE CAFE FILHO;-;CAICARA DO RIO DO VENTO - RN;264
-5.770221299999999;-35.25977350;ESCOLA ESTADUAL PROFESSOR JOSINO MACEDO;LIMOEIRO DO NORTE;-;NATAL - RN;119
-5.77217730;-35.28058870;ESCOLA ESTADUAL PROFESSORA ANA JULIA DE CARVALHO MOUSINHO;RUA ESTRELA DO LESTE;-;NATAL - RN;137
-5.773254754807559;-35.2001710;ESCOLA ESTADUAL DE EDUCACAO EM TEMPO INTEGRAL CAFE FILHO;RUA DECIO FONSECA;-;NATAL - RN;41
-5.77443140;-35.27160060;ESCOLA ESTADUAL DE ENSINO MEDIO DO CONJUNTO AMARANTE;RUA SAO BENTO;-;SAO GONCALO DO AMARANTE - RN;156
-5.776879304905474;-35.28000289524539;CEEP - CENTRO ESTADUAL DE EDUCACAO PROFISSIONAL RUY PEREIRA DOS SANTOS;RUA GENERAL ADJER BARRETO;-;SAO GONCALO DO AMARANTE - RN;85232542
-5.777688161152144;-35.20292310;ESCOLA ESTADUAL DE EDUCACAO INTEGRAL EM TEMPO INTEGRAL-PROFESSORA ISABEL GONDIM-ENSINO FUNDAMENTAL;LARGO ACRISIO FREIRE;-;NATAL - RN;57
-5.7792569;-35.258717601852425;ESCOLA ESTADUAL PADRE JOSE MARIA BIEZINGER ENS 1 GRAU;RUA DA AURORA;-;SAO GONCALO DO AMARANTE - RN;149
-5.7792569;-35.198241983721914;ESCOLA ESTADUAL PADRE MONTE;TEOTONIO FREIRE;-;NATAL - RN;132
-5.7892242272957;-35.200916;CENTRO VIRTUAL DE FORMACAO DE GESTORES E PROFESSORES;NATAL - RN;-;29116679;
-5.79073650;-35.200916;CE BIBLIOTECA ESCOLAR PROF AMERICO DE O COSTA;NATAL - RN;-;1005098;
-5.79073650;-35.33448813768155;ESCOLA ESTADUAL ELIA DE BARROS;AV VEREADOR AILDO MENDES;-;SAO GONCALO DO AMARANTE - RN;148
-5.790942692143067;-36.87851320;ESCOLA ESTADUAL TRISTAO DE BARROS;RUA PRESIDENTE CAFE FILHO;-;SAO RAFAEL - RN;473
-5.791172184887043;-36.87851320;ESCOLA ESTADUAL PROFESSOR CLAUDECI PINHEIRO TORRES;RUA PRESIDENTE CAFE FILHO;-;SAO RAFAEL - RN;474
-5.79263150;-35.329607491540514;EE PROF RAIMUNDA QUEIROZ ENS 1 GRAU;RUA VER MAURICIO FERNANDES DE OLIVEIRA;-;SAO GONCALO DO AMARANTE - RN;152
-5.79275850;-35.30703938488921;ESCOLA ESTADUAL PROFESSOR BEVENUTO FILHO;R VER WILLIAM CAMARA DE BRITO;-;SAO GONCALO DO AMARANTE - RN;153
-5.79340840;-35.21921320;ESCOLA ESTADUAL CALAZANS PINHEIRO;RUA SILVIO PELICO;-;NATAL - RN;42
-5.79340840;-35.1885810;ESCOLA ESTADUAL SENADOR DINARTE MARIZ;RUA CAMARAGIBE;-;NATAL - RN;97
-5.79385650;-35.32879210;EI REGOMOLEIRO;RUA PRINCIPAL;-;SAO GONCALO DO AMARANTE - RN;150
-5.794280500000001;-35.32879210;EE PE AMBROSIO FERRO ENS 1 GRAU;RUA EXCOMBTE M LUCIO DO NASCIMENTO;-;SAO GONCALO DO AMARANTE - RN;146
-5.794478499999999;-35.22256920;ESCOLA ESTADUAL  PROFESSORA STELLA GONCALVES;RUA FERREIRA NOBRE;-;NATAL - RN;90
-5.794478499999999;-35.189090;ESCOLA ESTADUAL  PROFESSOR SEVERINO BEZERRA DE MELO;RUA JOAO XXIII;-;NATAL - RN;89
-5.794478499999999;-35.21095310;INSTITUTO ARY PARREIRAS;PCA ALMIRANTE BARROSO;-;NATAL - RN;106
-5.794478499999999;-35.21095310;ESCOLA ESTADUAL VALE DO PITIMBU;RUA JUSCELINO KUBISTCHEK;-;NATAL - RN;102
-5.794478499999999;-35.21095310;ESCOLA ESTADUAL ROMULO WANDERLEY;RUA PARATINGA;-;NATAL - RN;122
-5.794758499999999;-35.21095310;ESCOLA ESTADUAL PROFESSORA DULCE WANDERLEY;RUA CICERO BUCHA;-;NATAL - RN;126
-5.79551550;-35.21095310;ESCOLA ESTADUAL ALBERTO TORRES;PRACA JOAO GALVAO FILHO;-;NATAL - RN;36
-5.79590710;-35.24663840;ESCOLA ESTADUAL IMPERIAL MARINHEIRO;RUA ARARAI;-;NATAL - RN;56
-5.79590710;-35.21166920;ESCOLA ESTADUAL ALMIRANTE NEWTON BRAGA FARIA;RUA ALAMEDA CURUPAITI;-;NATAL - RN;37
-5.79590710;-37.55306640;ESCOLA ISOLADA DE MARIANA;SITIO MARIANA;-;CARAUBAS - RN;584
-5.79590710;-37.55306640;ESCOLA ESTADUAL PROFESSORA MARIA SILVIA DE VASCONCELOS CAMARA;RUA PEDRO CAMARA;-;CARAUBAS - RN;588
-5.7959536;-37.55306640;ESCOLA ESTADUAL FRANCISCO R DA COSTA;DISTRITO SAO GERALDO;-;CARAUBAS - RN;585
-5.79794350;-37.55306640;ESCOLA ESTADUAL DOMINGOS V DE MORAIS;SITIO APANHA PEIXE;-;CARAUBAS - RN;583
-5.79990150;-37.5594154;ESCOLA ESTADUAL SEBASTIAO GURGEL;PRACA SAO SEBASTIAO;-;CARAUBAS - RN;589
-5.802962861835847;-35.20369810;ESCOLA ESTADUAL SEBASTIAO FERNANDES DE OLIVEIRA;R ALBERTO MARANHAO;-;NATAL - RN;95
-5.806726599999999;-35.23617340;ESCOLA ESTADUAL  PROFESSORA MARIA MONTEZUMA;TRV MANOEL ANDRADE;-;NATAL - RN;87
-5.806726599999999;-35.208975096125755;ESCOLA ESTADUAL TIRADENTES;R. DESEMBARGADOR REGULO TINOCO;-;NATAL - RN;100
-5.806726599999999;-35.22849230;ESCOLA ESTADUAL  PROFESSOR LUIS SOARES;R CEL ESTEVAM;-;NATAL - RN;84
-5.8071069382433915;-35.22849230;ESCOLA ESTADUAL PROFESSOR FRANCISCO IVO CAVALCANTI;RUA CORONEL ESTEVAM;-;NATAL - RN;75
-5.80736060;-35.22849230;CENTRO DE EDUCACAO DE JOVENS E ADULTOS PROFESSORA LIA CAMPOS;AV CORONEL ESTEVAM;-;NATAL - RN;28
-5.81109140;-35.21063740549204;ESCOLA ESTADUAL NESTOR LIMA;RUA SAO JOSE;-;NATAL - RN;67
-5.81109140;-35.22376730;ESCOLA ESTADUAL PROFESSOR JOAQUIM LOURIVAL;RUA ARAGUARI;-;NATAL - RN;77
-5.81225630;-35.55269780;ESCOLA ISOLADA SANTA TERESA;POV UMARI;-;IELMO MARINHO - RN;266
-5.81260060;-35.55269780;ESCOLA ISOLADA CANTO DE MOCA;POV CANTO DE MOCA;-;IELMO MARINHO - RN;265
-5.813691599999999;-35.8230040;ESCOLA ESTADUAL MANOEL SEVERIANO;AV PRESIDENTE GETULIO VARGAS;-;RIACHUELO - RN;270
-5.81573660;-35.21382520;ESCOLA ESTADUAL VIGARIO BARTOLOMEU;AV ANTONIO BASILIO;-;NATAL - RN;103
-5.81575370;-35.24365940;ESCOLA ESTADUAL DEPUTADO MARCIO MARINHO;RUA PETRONILO DIOGO;-;NATAL - RN;44
-5.81627770;-35.25105550;ESCOLA ESTADUAL 12 DE OUTUBRO;TRAVESSA SAO DOMINGOS;-;NATAL - RN;35
-5.817789700000001;-35.20109210;ESCOLA ESTADUAL DELZUITE MARIA SOARES DA COSTA;AV DOM JOAQUIM DE ALMEIDA;-;LAGOA SALGADA - RN;222
-5.819001699999999;-35.24003440;ESCOLA ESTADUAL JEAN MERMOZ;RUA BARAO DE MAUA;-;NATAL - RN;58
-5.81946470;-35.22384230;ESCOLA ESTADUAL PROFESSOR EDGAR BARBOSA;AVENIDA MIGUEL CASTRO;-;NATAL - RN;74
-5.820307700000001;-35.20103910;ESCOLA ESTADUAL CASTRO ALVES;AV XAVIER DA SILVEIRA;-;NATAL - RN;43
-5.82120170;-35.22536630;ESCOLA ESTADUAL DESEMBARGADOR REGULO TINOCO;AV LIMA E SILVA;-;NATAL - RN;46
-5.82120170;-35.22571830;ESCOLA DE EDUCACAO INTEGRAL EM  TEMPO INTEGRAL PROFESSOR JOAQUIM TORRES;RUA DOS POTIGUARES;-;NATAL - RN;78
-5.821530699999999;-35.22667630;ESCOLA ESTADUAL  PROFESSORA  JUDITH BEZERRA DE MELO;AV. JERONIMO CAMARA;-;NATAL - RN;81
-5.82190070;-35.22667630;CENTRO DE EDUCACAO DE JOVENS E ADULTOS PROFESSOR REGINALDO TEOFILO;AV. JERONIMO CAMARA;-;NATAL - RN;129
-5.82290770;-35.23595840;ESCOLA ESTADUAL LAURO DE CASTRO;RUA SOUZA;-;NATAL - RN;62
-5.823144042578858;-35.23452030;ESCOLA ESTADUAL RAIMUNDO SOARES;R. PATOS;-;NATAL - RN;93
-5.825392700000001;-35.24162040;ESCOLA ESTADUAL MONSENHOR MATA;RUA GUAIBA;-;NATAL - RN;66
-5.825864699999999;-35.22266931412503;ESCOLA ESTADUAL EM TEMPO INTEGRAL PROFESSOR REGINALDO TEOFILO;AV. JERONIMO CAMARA;-;NATAL - RN;86180982
-5.82723270;-35.25324050;ESCOLA ESTADUAL  PROFESSORA MARIA QUEIROZ;RUA DA TAMARINEIRA;-;NATAL - RN;88
-5.828194799999999;-35.23967840;ESCOLA ESTADUAL  BELEM CAMARA;RUA LAGES;-;NATAL - RN;39
-5.828625799999999;-35.25242250;ESCOLA ESTADUAL  PROFESSORA  MARIA LUIZA ALVES COSTA;AV. NOSSA SENHORA DO ROSARIO;-;NATAL - RN;128
-5.828625799999999;-35.20831710;ESCOLA ESTADUAL JORGE FERNANDES;R CRISTAL DE ROCHA;-;NATAL - RN;61
-5.833715799999999;-35.21405720;NUCLEO DE ATIV DE ALTAS HABILIDADES - SUPERDOTACAO;CENTRO ADMINISTRATIVO;-;NATAL - RN;143
-5.83579180;-35.21405720;CE DE EDUCACAO ESPECIAL;CENTRO ADMINISTRATIVO;-;NATAL - RN;140
-5.836403799999999;-35.22989130;ESCOLA ESTADUAL  PROFESSOR LUIS DA CAMARA CASCUDO;TRAVESSA DOS POTIGUARES;-;NATAL - RN;83
-5.83798280;-35.24190440;ESCOLA ESTADUAL UNIAO DO POVO DE CIDADE NOVA;TRAVESSA GETULIO VARGAS;-;NATAL - RN;101
-5.84146480;-35.22060920;ESCOLA ESTADUAL PROFESSOR LUIS ANTONIO;RUA ALAMANDA;-;NATAL - RN;82
-5.84160580;-35.21833020;E E GOV. WALFREDO GURGEL ENSINO MEDIO EM TEMPO INTEGRAL E EDUC. PROFISSIONAL TECNICA DE NIVEL MEDIO;RUA BENTO GONCALVES;-;NATAL - RN;55
-5.843695599999999;-35.27467870;ESCOLA ESTADUAL DO GUARAPES;RUA DA LAGOA SECA;-;NATAL - RN;145
-5.84971080;-35.20857320;ESCOLA ESTADUAL DESEMBARGADOR FLORIANO CAVALCANTI;RUA DOS VERBENAS;-;NATAL - RN;45
-5.852867799999999;-35.6961940;ESCOLA ESTADUAL DEMETRIO URBANO;RUA FRANCISCO JORGE TORRES;-;SANTA MARIA - RN;272
-5.8546779;-35.34885330;ESCOLA ESTADUAL  OTACILIO ALECRIM;RUA MARITIMO JOAO LAU;-;MACAIBA - RN;21
-5.85500190;-35.3597014;ESCOLA ESTADUAL  DEPUTADO JESSE PINTO FREIRE FILHO;RUA DR GERALDO PINHEIRO;-;MACAIBA - RN;18
-5.85532890;-35.2486725;ESCOLA ESTADUAL  PROFESSORA MARILUZA ALMEIDA FLORENTINO;LAGOA DE SANTO ANTONIO;-;MACAIBA - RN;24
-5.856146036766277;-35.21650720;CE DE APOIO PEDAGOGICO PROF IAPISSARA AGUIAR - CAP;RUA REITOR ONOFRE LOPES;-;NATAL - RN;142
-5.85636790;-35.20957120;ESCOLA ESTADUAL FERREIRA ITAJUBA - ENSINO MEDIO EM TEMPO INTEGRAL;RUA RORAIMA;-;NATAL - RN;53
-5.8578940;-35.35823502883608;ESCOLA ESTADUAL  ALFREDO MESQUITA FILHO;R CAMPO SANTO;-;MACAIBA - RN;15
-5.86006190;-35.24036240;ESCOLA ESTADUAL PROFESSOR ANTONIO PINTO DE MEDEIROS;RUA RIO PARANAPANEMA;-;NATAL - RN;71
-5.86006190;-35.20752620;ESCOLA ESTADUAL DOUTOR MAIA NETO;RUA PARANA;-;NATAL - RN;49
-5.86006190;-35.34983030;ESCOLA ISOLADA NAIR DE ANDRADE MESQUITA;POVOADO DE LAGOA NOVA;-;MACAIBA - RN;12
-5.86006190;-35.34983030;ESCOLA ESTADUAL  FRANCISCA CASTRO GOMES ANDRADE;RECREIO DO TREVO;-;MACAIBA - RN;25
-5.8626390;-35.34983030;ESCOLA ESTADUAL  DOUTOR JOAO CHAVES;SITIO MANGABEIRA;-;MACAIBA - RN;10
-5.8626390;-35.34983030;ESCOLA ESTADUAL  DE TRAIRAS;RUA LEAO DO NORTE;-;MACAIBA - RN;14
-5.866058000000001;-37.3107110;ESCOLA ESTADUAL PROFESSOR ADRIAO MELO;RUA FRANCISCO BEZERRA;-;CAMPO GRANDE (AUGUSTO SEVERO) - RN;460
-5.869510;-37.3107110;ESCOLA ESTADUAL ANA MARIA VIEIRA LIBERATO;R FRANCISCO ANANIAS DANTAS DE BRITO;-;CAMPO GRANDE (AUGUSTO SEVERO) - RN;461
-5.87051960;-35.20576210;ESCOLA ESTADUAL STELA WANDERLEY;AV DAS ALAGOAS;-;NATAL - RN;99
-5.873284130041468;-35.20647620;ESCOLA ESTADUAL BERILO WANDERLEY;RUA GOVERNADOR VALADARES;-;NATAL - RN;40
-5.873624449923092;-35.20818320;ESCOLA ESTADUAL LOURDES GUILHERME;RUA SAO MIGUEL DOS CARIBES;-;NATAL - RN;63
-5.87728210;-35.180470731094374;ESCOLA ESTADUAL DJALMA ARANHA MARINHO;PRACA SAO FRANCISCO DE ASSIS;-;NATAL - RN;47
-5.883332999999999;-35.21780921911011;CEEP - CENTRO ESTADUAL DE EDUCACAO PROFISSIONAL PROFESSORA LOURDINHA GUERRA;AVENIDA ABEL CABRAL;-;PARNAMIRIM - RN;85233159
-5.883332999999999;-35.1855530;ESCOLA ESTADUAL PROFESSOR JOSE FERNANDES MACHADO;AV PRAIA DE MURIU;-;NATAL - RN;79
-5.883332999999999;-36.30;ESCOLA ESTADUAL  PROFESSOR GASPAR;PCA. VEREADOR PEDRO ALVES;-;MONTE ALEGRE - RN;171
-5.883332999999999;-36.30;ESCOLA ESTADUAL  JOAO PINHEIRO;POV FONTES;-;MONTE ALEGRE - RN;168
-5.897780;-36.30;ESCOLA ESTADUAL  JOAO DE PAIVA;AV JOAO DE PAIVA;-;MONTE ALEGRE - RN;170
-5.897780;-35.3666670;ESCOLA ESTADUAL  DE JUNDIAI;FAZ JUNDIAI;-;MACAIBA - RN;9
-5.897780;-37.5065690;EE PREF JOSE DO CARMO DOS SANTOS;TRAV PADRE ANDRADE;-;SANTO ANTONIO - RN;252
-5.897780;-37.5065690;EE JULIA AUTA DE OLIVEIRA;RUA DEP JOSE LUCIO RIBEIRO;-;SANTO ANTONIO - RN;250
-5.897780;-37.5065690;EE DR HELIO BARBOSA DE OLIVEIRA;TRAVESSA PADRE ANDRADE;-;SANTO ANTONIO - RN;251
-5.9060643;-37.5065690;EE DE TIMBAUBA ENS 1 GRAU;SIT TIMBAUBA;-;SANTO ANTONIO - RN;246
-5.9060643;-37.5065690;EE ALEXANDRE CELSO GARCIA;R MAR FLORIANO;-;SANTO ANTONIO - RN;247
-5.9060643;-35.2604426;ESCOLA ESTADUAL SANTOS DUMONT;FELIZARDO MOURA;-;PARNAMIRIM - RN;191
-5.9157063;-35.2604426;ESCOLA ESTADUAL PROFESSOR ARNALDO ARSENIO DE AZEVEDO;RUA CANDIDO MARTINS DOS SANTOS;-;PARNAMIRIM - RN;193
-5.9240034;-35.2604426;ESCOLA ESTADUAL DOM NIVALDO MONTE;RUA RIO LARGO - PARQUE DAS ORQUIDEAS;-;PARNAMIRIM - RN;194
-5.9240034;-35.2738397;ESCOLA ESTADUAL ROBERTO RODRIGUES KRAUSE;R.CAP.MARTINHO MACHADO;-;PARNAMIRIM - RN;192
-5.9257364;-35.2663487;ESCOLA ESTADUAL PROFESSOR ANTONIO BASILIO FILHO;RUA EDSON SIQUEIRA;-;PARNAMIRIM - RN;188
-5.928780700000001;-35.2663487;ESCOLA ESTADUAL DOUTOR ANTONIO DE SOUZA;RUA EDSON LUIS SIQUEIRA;-;PARNAMIRIM - RN;185
-5.942070500000001;-35.2611046;NUCLEO DE ATENDIMENTO EDUCACIONAL HOSPITALAR E DOMICILIAR DO RN - NAEHD;AVENIDA SALGADO FILHO;-;NATAL - RN;1005105
-5.9498866;-38.04633620;ESCOLA ESTADUAL JOSE CLAUDIO ALVES;RUA JOAQUIM PEREIRA;-;TABOLEIRO GRANDE - RN;599
-5.949999999999999;-35.29238490;EI HELIO FERREIRA;ST JAPECANGA;-;SAO JOSE DE MIPIBU - RN;196
-5.95712380;-35.1596158;ESCOLA ESTADUAL PROFESSORA MARIA ARAUJO;RUA SANTA LUZIA;-;PARNAMIRIM - RN;183
-5.9743658;-35.41666690;ESCOLA ISOLADA MARIA FERNANDES DO FORTE;DISTRITO DE CANA BRAVA;-;MACAIBA - RN;11
-5.9833330;-36.65332950;EE MEIRA E SA ENS FUNDAMENTAL;RUA MANOEL ANTONIO DE MACEDO;-;SANTANA DO MATOS - RN;370
-5.99708830;-35.1303436;ESCOLA ESTADUAL PROFESSOR APOLINARIO BARBOSA - ENSINO MEDIO EM TEMPO INTEGRAL;AV SAO SEBASTIAO;-;PARNAMIRIM - RN;189
-5.99708830;-35.30;EI PROF MARIA HELENA P GOMES;POV MENDES;-;SAO JOSE DE MIPIBU - RN;197
-5.99708830;-37.80727140;ESCOLA ESTADUAL 11 DE AGOSTO;AV 27 DE NOVEMBRO;-;UMARIZAL - RN;640
-5.99708830;-37.80727140;EI CAICARA;SIT CAICARA;-;UMARIZAL - RN;639
-5.998821;-37.80727140;EE ZENON DE SOUZA;AV 27 DE NOVEMBRO;-;UMARIZAL - RN;642
-6.03412110;-37.80727140;EE PROF DINA NUNES DE BRITO;RUA ALMINO AFONSO;-;UMARIZAL - RN;644
-6.03412110;-38.166804;EE PROF MANOEL HERCULANO ENS 1 E 2 GRAUS;R PADRE CARLOS;-;SAO FRANCISCO DO OESTE - RN;693
-6.03412110;-37.02065740;ESCOLA ISOLADA BARRO BRANCO;SITIO BARRO BRANCO;-;JUCURUTU - RN;436
-6.04414510;-37.02065740;ESCOLA ESTADUAL PROFESSORA MARIA DAS GRACAS SILVA GERMANO;POV BOI SELADO;-;JUCURUTU - RN;437
-6.04549760;-37.02065740;ESCOLA ESTADUAL JANUNCIO AFONSO;RUA ALEXANDRE EZEQUIEL;-;JUCURUTU - RN;438
-6.06814840;-35.4283260;ESCOLA ESTADUAL SANTA LUZIA;RUA ANTONIA GOMES;-;VERA CRUZ - RN;208
-6.06854040;-36.34782420;EE ALBINO AVELINO ENS 1 GRAU;POVOADO ALBINO;-;CERRO CORA - RN;378
-6.07269450;-35.24543960;EE PROF FRANCISCO BARBOSA - ENSINO FUNDAMENTAL E MEDIO;AV MOIZANIEL DE CARVALHO;-;SAO JOSE DE MIPIBU - RN;202
-6.07269450;-35.24929360000001;ESCOLA ESTADUAL  HILTON GURGEL DE CASTRO - ENSINO MEDIO EM TEMPO INTEGRAL;AVENIDA SENADOR JOAO CAMARA;-;SAO JOSE DE MIPIBU - RN;201
-6.07710490;-35.23505850;EI ZITA FREIRE;ST ARENA;-;SAO JOSE DE MIPIBU - RN;199
-6.086661899999999;-35.23505850;EE PROFª. TERCEIRA ROCHA - ENSINO FUNDAMENTAL E MEDIO;RUA DAS CAMPINAS;-;SAO JOSE DE MIPIBU - RN;198
-6.086661899999999;-37.71598880;ESCOLA ISOLADA PIRANHAS;SITIO PIRANHAS;-;RAFAEL GODEIRO - RN;631
-6.086661899999999;-37.91256230;ESCOLA ISOLADA PICO DOS CARROS;SITIO PICO DOS CARROS;-;MARTINS - RN;619
-6.086661899999999;-37.91256230;ESCOLA ISOLADA PAU DE LEITE;SITIO PAU DE LEITE;-;MARTINS - RN;618
-6.086661899999999;-37.91256230;ESCOLA ISOLADA JOSE BARBOSA;DISTRITO SALVA VIDA;-;MARTINS - RN;620
-6.086661899999999;-37.91256230;ESCOLA ESTADUAL JACU;SITIO JACU;-;MARTINS - RN;617
-6.093588599999999;-37.91256230;ESCOLA ESTADUAL DOUTOR JOAQUIM INACIO - ENSINO MEDIO EM TEMPO INTEGRAL;RUA PROJETADA;-;MARTINS - RN;623
-6.093588599999999;-37.91256230;ESCOLA ESTADUAL ANTONIO JOAO DE QUEIROZ;RUA PROJETADA;-;MARTINS - RN;616
-6.093588599999999;-35.21036330;ESCOLA ESTADUAL ZILDEVAR FERREIRA;GENIPAPEIRO;-;NISIA FLORESTA - RN;177
-6.093588599999999;-35.21036330;ESCOLA ESTADUAL PROFESSORA ADELIA DA SILVA GURGEL;POVOADO CAMPO DE SANTANA;-;NISIA FLORESTA - RN;174
-6.093588599999999;-35.21036330;ESCOLA ESTADUAL EMILIA DE CARVALHO;POV DE MORRINHOS;-;NISIA FLORESTA - RN;178
-6.093588599999999;-35.21036330;ESCOLA ESTADUAL DELVIRA CARVALHO GONDIM;POVOADO DE CURRAIS;-;NISIA FLORESTA - RN;176
-6.093588599999999;-35.21036330;ESCOLA ESTADUAL CELITA FREIRE BARBOSA;RUA DO COMERCIO;-;NISIA FLORESTA - RN;179
-6.093588599999999;-35.21036330;ESCOLA ESTADUAL ANA DUARTE LOPES;RUA DA FLORESTA;-;NISIA FLORESTA - RN;172
-6.10586720;-35.21036330;ESCOLA ESTADUAL ALMIR DA SILVA LEITE;R MANOEL FERREIRA DE OLIVEIRA;-;NISIA FLORESTA - RN;182
-6.10586720;-35.21036330;ESCOLA ESTADUAL ALCEU EMILIANO DA SILVA;RUA CENTRAL;-;NISIA FLORESTA - RN;175
-6.10586720;-37.64170920;ESCOLA ISOALDA MORADA NOVA I;SIT MORADA NOVA;-;PATU - RN;627
-6.106005911825404;-37.64170920;ESCOLA ESTADUAL DOUTOR XAVIER FERNANDES;RUA JOSE GODEIRO;-;PATU - RN;629
-6.116539960830626;-37.64170920;ESCOLA ESTADUAL DOUTOR EDINO JALES;RUA BENTO BANDEIRA;-;PATU - RN;628
-6.119060746073639;-38.21015043121338;ESCOLA ESTADUAL DOUTOR JOSE FERNANDES DE MELO;R JOAQUIM TORQUATO;-;PAU DOS FERROS - RN;673
-6.12346980;-38.19982255421451;ESCOLA ESTADUAL ANTONIO DIAS FERNANDES;RUA PAUL HARRIS;-;PAU DOS FERROS - RN;683
-6.1273971;-38.20509824386369;ESCOLA ESTADUAL FRANCISCO NUNES;RUA CARLOTO TAVORA;-;PAU DOS FERROS - RN;681
-6.12812570;-36.81971490;ESCOLA ESTADUAL TEONIA AMARAL;PRACA MAE SANTA;-;FLORANIA - RN;396
-6.14459840;-38.2052298;ESCOLA ESTADUAL PROFESSOR MARIA EDILMA DE FREITAS;RUA RESPICIO JOSE DO NASCIMENTO;-;PAU DOS FERROS - RN;677
-6.15364990;-35.49763060;ESCOLA ESTADUAL EDMUNDO NEVES DO NASCIMENTO;RUA SAO JOAO;-;LAGOA SALGADA - RN;223
-6.156676399999999;-37.76650020;EI AMANCIO LINDOLFO;SITIO TRINCHEIRAS;-;ALMINO AFONSO - RN;600
-6.189680399999999;-35.43179210;ESCOLA ESTADUAL JOAO TOMAS NETO;RUA SANTO ANTONIO;-;LAGOA DE PEDRAS - RN;221
-6.19119420;-37.83833080;ESCOLA ISOLADA FRANCISCO PEREIRA;SITIO CANDEIA;-;FRUTUOSO GOMES - RN;608
-6.19119420;-35.09151940;ESCOLA ESTADUAL DOUTOR MEIROZ GRILLO;SIT SAO LUIZ;-;TIBAU DO SUL - RN;205
-6.19361440;-35.35782650;ESCOLA ESTADUAL PROFESSORA MARIA AUGUSTA DA TRINDADE;AV. ANTONIO ALVES PESSOA;-;BREJINHO - RN;214
-6.19496240;-35.35782650;ESCOLA ESTADUAL JOSE LUCIO RIBEIRO;RUA PROJETADA;-;BREJINHO - RN;213
-6.1997440;-38.22618970;ESCOLA ESTADUAL BERNARDINO RODRIGUES;SITIO GANGORRA;-;RAFAEL FERNANDES - RN;689
-6.1997440;-35.1601980;ESCOLA ESTADUAL MANOEL BALCEU;SITIO PATANE;-;AREZ - RN;157
-6.212074;-35.80124600000001;ESCOLA ESTADUAL PROFESSOR SEVERINO BEZERRA;RUA  PEDRO CLEMENTINO;-;TANGARA - RN;352
-6.22714480;-35.80124600000001;ESCOLA ESTADUAL PREFEITO JOAO ATAIDE DE MELO;RUA 13 DE OUTUBRO;-;TANGARA - RN;351
-6.22714480;-37.89361020;EI DE PICO BRANCO;SIT PICO BRANCO;-;ANTONIO MARTINS - RN;605
-6.22714480;-37.89361020;EI DE BOAGUA;SIT BOAGUA;-;ANTONIO MARTINS - RN;604
-6.22940710;-37.89361020;EI DE ALTO DA EMA;AVENIDA VENCESLAU JOSE DE SOUSA;-;ANTONIO MARTINS - RN;607
-6.22940710;-36.02330780;ESCOLA ISOLADA PROFESSOR FRANCISCO MAIA;SITIO RIACHAO;-;SANTA CRUZ - RN;338
-6.231705450588679;-36.02330780;ESCOLA ISOLADA ANTONIO JUSTINO BEZERRA;SITIO SANTA HELENA;-;SANTA CRUZ - RN;337
-6.2333330;-36.01047803596805;ESCOLA ESTADUAL PROFESSORA RITA NELLY FURTADO;RUA NOSSA SENHORA DOS REMEDIOS;-;SANTA CRUZ - RN;343
-6.238767172043675;-35.1333330;ESCOLA ESTADUAL PROFESSOR WILSON ROCHA;POV DE PIAU;-;TIBAU DO SUL - RN;206
-6.250423521509316;-36.029644465438196;ESCOLA ESTADUAL PEDRO SEVERINO BEZERRA;RUA PADRE CICERO;-;SANTA CRUZ - RN;345
-6.255131;-37.05299032214049;ESCOLA ESTADUAL FRANCISCO PERGENTINO DE ARAUJO;DISTRITO DE LAGINHAS;-;CAICO - RN;412
-6.2629430;-36.51769570;ESCOLA ISOLADA BARAO DO RIO BRANCO;SIT BOA VISTA;-;CURRAIS NOVOS - RN;383
-6.2629430;-36.51769570;ESCOLA ESTADUAL POETA CELESTINO ALVES;RUA DR EINAR GALVAO CHACON;-;CURRAIS NOVOS - RN;391
-6.2629430;-36.51769570;ESCOLA ESTADUAL DOUTOR SILVIO BEZERRA  MELO;RUA LUIZ JANILSON;-;CURRAIS NOVOS - RN;387
-6.27036120;-37.79590250;ESCOLA ESTADUAL JOSE OSIAS;RUA FRANCISCO VERISSIMO FILHO;-;JOAO DIAS - RN;613
-6.276680799999999;-35.36125160;ESCOLA ESTADUAL JOAO BERNARDO;RUA DA MATRIZ;-;JUNDIA - RN;218
-6.293996099999999;-38.16766640;ESCOLA ESTADUAL  PADRE BERNARDINO FERNANDES;R CEL EPIFANIO FERNANDES;-;MARCELINO VIEIRA - RN;670
-6.293996099999999;-38.16766640;ESCOLA ESTADUAL DESEMBARGADOR LICURGO NUNES;RUA PROF MANOEL RAIMUNDO;-;MARCELINO VIEIRA - RN;669
-6.293996099999999;-38.16766640;ESCOLA ESTADUAL  ANA HENRIQUE;VILA ANA HENRIQUE;-;MARCELINO VIEIRA - RN;668
-6.308781199999999;-35.06942930;ESCOLA ESTADUAL SEBASTIAO POLICARPO;R JOAO FELIPE DE OLIVEIRA;-;VILA FLOR - RN;211
-6.308781199999999;-35.06942930;ESCOLA ESTADUAL PRESIDENTE TANCREDO NEVES;RUA JOAO FELIPE DE OLIVEIRA;-;VILA FLOR - RN;210
-6.317686;-35.715313;EE DIOGENES DA CUNHA LIMA ENS 1 E 2 GRAUS;RUA GETULIO VARGAS;-;SAO JOSE DO CAMPESTRE - RN;254
-6.318265200000001;-38.27889920;ESCOLA ESTADUAL VICENTE DE FONTES;RUA FRANCISCO FONTES;-;JOSE DA PENHA - RN;660
-6.318265200000001;-38.27889920;ESCOLA ESTADUAL MAJOR FELIPE;VILA MAJOR FELIPE;-;JOSE DA PENHA - RN;659
-6.32637810;-38.48442880;ESCOLA ESTADUAL JOAO SOARES DE SOUZA;AVENIDA MIN ALUISIO ALVES;-;VENHA-VER - RN;701
-6.36919950;-35.00732840;ESCOLA ESTADUAL AGUIDA SUCUPIRA;R ADAUTO DORNELAS CAMARA;-;BAIA FORMOSA - RN;159
-6.37902830;-37.18316090;EE MONS WALFREDO GURGEL ANEXO I;SITIO BOA VISTA;-;SAO FERNANDO - RN;443
-6.38285370;-35.12485680;ESCOLA ESTADUAL  FELIPE FERREIRA;R OSORIO CHAVES;-;CANGUARETAMA - RN;161
-6.38285370;-35.12485680;ESCOLA ESTADUAL FABRICIO MARANHAO;RUA DOUTOR PEDRO VELHO;-;CANGUARETAMA - RN;164
-6.38285370;-35.12485680;EE MATIAS MACIEL ENS 1 GRAU;RUA JOSE BENEDITO FERREIRA;-;CANGUARETAMA - RN;162
-6.40425990;-38.00978520;ESCOLA ESTADUAL 7 DE NOVEMBRO;RUA POETA VICENTE LOPES;-;ALEXANDRIA - RN;648
-6.40425990;-38.00978520;EI DE TORTO;SIT TORTO;-;ALEXANDRIA - RN;647
-6.41109570;-38.38446410;ESCOLA ISOLADA SAO BERNARDO;VILA SAO BERNARDO;-;LUIS GOMES - RN;662
-6.41109570;-38.38446410;ESCOLA ESTADUAL  DE BAIXIO;SIT BAIXIO;-;LUIS GOMES - RN;661
-6.412908799999999;-36.78230380;ESCOLA ESTADUAL OTAVIO LAMARTINE;PRACA DR PEDRO GOES;-;CRUZETA - RN;381
-6.42155960;-35.70503040;ESCOLA ESTADUAL PROFESSOR  JOAQUIM TORRES;AV FAUSTO MARIANO DAS NEVES;-;SERRA DE SAO BENTO - RN;257
-6.42155960;-35.70503040;ESCOLA ESTADUAL DEPUTADO MARCIO MARINHO;RUA PROJETADA;-;SERRA DE SAO BENTO - RN;256
-6.439693999999999;-35.22190160;ESCOLA ESTADUAL NOSSA SENHORA DAS GRACAS;SITIO RETA;-;PEDRO VELHO - RN;242
-6.448270540336341;-37.09464502814177;ESCOLA ESTADUAL PROFESSOR ANTONIO ALADIM DE ARAUJO;RUA TANCREDO NEVES;-;CAICO - RN;422
-6.459810900000001;-37.09900630;ESCOLA ESTADUAL PROFESSORA ROSA DE LIMA BEZERRA;R JOSE ADELINO DE MEDEIROS;-;CAICO - RN;424
-6.459810900000001;-37.09900630;CE JOSE AUGUSTO;R ZECO DINIZ;-;CAICO - RN;416
-6.46109270;-35.94008730;ESCOLA ISOLADA PAULO ALIPIO DE PONTES;SITIO SALGADO;-;JAPI - RN;331
-6.46109270;-35.94008730;ESCOLA ISOLADA ALUISIO ALVES;SITIO SALGADO;-;JAPI - RN;330
-6.46109270;-35.94008730;ESCOLA ESTADUAL CORONEL MANOEL MEDEIROS I;RUA MANOEL MEDEIROS FILHO;-;JAPI - RN;332
-6.463126372698237;-37.09155512335661;CEJA SENADOR GUERRA;PRACA DR JOSE AUGUSTO;-;CAICO - RN;415
-6.464426970201603;-37.11114061358336;ESCOLA ESTADUAL DOM JOSE ADELINO DANTAS;RUA PROJETADA;-;CAICO - RN;418
-6.465295810112672;-37.103764538792404;ESCOLA ESTADUAL PROFESSORA IRACEMA BEZERRA TRINDADE;PROFESSOR MANOEL FERNANDES;-;CAICO - RN;423
-6.466666999999999;-37.3833330;ESCOLA ESTADUAL JOAO ALENCAR DE MEDEIROS;AV. FUNDADOR FRANCISCO QUININO;-;IPUEIRA - RN;429
-6.46907020;-38.30420450;ESCOLA ESTADUAL  EPIFANIO DUARTE COUTINHO;AVENIDA JOAQUIM LUIS DUARTE;-;PARANA - RN;671
-6.46907020;-38.30420450;ESCOLA ESTADUAL 26 DE MARCO;RUA PROJETADA;-;PARANA - RN;672
-6.470234310441743;-37.09448141339186;ESCOLA ESTADUAL MONSENHOR WALFREDO GURGEL;RUA MANOEL VICENTE;-;CAICO - RN;421
-6.470439525007327;-37.092021827725205;ESCOLA ESTADUAL VILAGRAN CABRITA;VILA BRASIL;-;CAICO - RN;426
-6.479258199999999;-35.43483930;ESCOLA ESTADUAL  SAO JOSE;SITIO SERROTE DOS BEZERRA;-;NOVA CRUZ - RN;229
-6.479258199999999;-35.43483930;ESCOLA ESTADUAL  PROFESSOR JOSE TAVARES;SITIO LAGOA LIMPA;-;NOVA CRUZ - RN;230
-6.479258199999999;-35.43483930;ESCOLA ESTADUAL  PREFEITA JOANITA ARRUDA CAMARA;RUA PEDRO MAURICIO TAVARES;-;NOVA CRUZ - RN;237
-6.479258199999999;-35.43483930;ESCOLA ESTADUAL  MARIA AURINEIDE DA SILVA;SITIO LAGOA SECA;-;NOVA CRUZ - RN;228
-6.485311299999999;-35.28638820;ESCOLA ESTADUAL  DO INGA;SITIO INGA;-;MONTANHAS - RN;224
-6.4986144258014455;-37.16649067881468;ESCOLA ISOLADA JOSE TEIXEIRA DE CARVALHO;PERIMETRO IRRIGADO SABUGI;-;CAICO - RN;413
-6.4986997049855795;-37.16646922114256;ESCOLA ESTADUAL PROFESSOR JOAQUIM GUEDES CORREIA GONDIM NETO;PERIMETRO IRRIGADO SABUGI;-;CAICO - RN;414
-6.548842899999999;-36.5934214;ESCOLA ESTADUAL TEODORA ADONIS DE LIMA;POVOADO RAJADA;-;CARNAUBA DOS DANTAS - RN;375
-6.654171400126957;-37.04720747950438;ESCOLA ESTADUAL MANOEL PATRICIO DE FIGUEIREDO;DISTRITO PALMA;-;CAICO - RN;411
-6.68838680;-36.6579780;ESCOLA ESTADUAL  MANOEL NOBERTO;POVOADO SANTO ANTONIO;-;PARELHAS - RN;400
-6.68838680;-36.6579780;ESCOLA ESTADUAL  DOUTOR MAURO MEDEIROS;RUA NAIR BEZERRA;-;PARELHAS - RN;406
-6.68838680;-36.6579780;ESCOLA ESTADUAL  BERNARDINO DE SENA SILVA;POVOADO JUAZEIRO;-;PARELHAS - RN;399
-6.69699970;-36.94383930;ESCOLA ISOLADA SAO FRANCISCO;SITIO LAGES;-;OURO BRANCO - RN;441
